Name,Image URL
YOKI My Little Planets Series,"https://prod-america-res.popmart.com/default/7_umCYIrJV4c_1200x1200.jpg?x-oss-process=image/resize,p_40,format,webp,format,webp"
YOKI The Moment Series,"https://prod-america-res.popmart.com/default/3_m78Dh5IUwQ_1200x1200.jpg?x-oss-process=image/resize,p_40,format,webp,format,webp"
YOKI Travel Round The World Series,"https://prod-america-res.popmart.com/default/03_2tB3zJI1mJ_1200x1200.jpg?x-oss-process=image/resize,p_40,format,webp,format,webp"
Casper × Trevor Andrew Series,"https://prod-america-res.popmart.com/default/06_koL4F3Bxac_1200x1200.jpg?x-oss-process=image/resize,p_40,format,webp,format,webp"
 A Boring Day with MOLLY Series,"https://prod-america-res.popmart.com/default/11_aw5qBMDoK1_1200x1200.jpg?x-oss-process=image/resize,p_40,format,webp,format,webp"
Baby Molly When I was Three! Series-Acrylic Clip Blind Box,"https://prod-america-res.popmart.com/default/20240423_150217_429736__1200x1200.jpg?x-oss-process=image/resize,p_40,format,webp,format,webp"
Baby Molly When I was Three! Series-Fridge Magnet Blind Box,"https://prod-america-res.popmart.com/default/20240423_155719_477712__1200x1200.jpg?x-oss-process=image/resize,p_40,format,webp,format,webp"
Baby Molly When I was Three！Series Figures,"https://prod-america-res.popmart.com/default/20240419_172611_026673__1200x1200.jpg?x-oss-process=image/resize,p_40,format,webp,format,webp"
MEGA COLLECTION 100% SPACE MOLLY Series 1,"https://prod-america-res.popmart.com/default/1_AyvrM0F1PV_1200x1200.jpg?x-oss-process=image/resize,p_40,format,webp,format,webp"
MEGA SPACE MOLLY 100% CHINA WOMEN'S NATIONAL BASKETBALL TEAM,"https://prod-america-res.popmart.com/default/20240725_145450_183361____mega-space-molly-100-china-women-s-national-basketball-team-figurine-pop-mart-us-1-1_____1200x1200.jpg?x-oss-process=image/resize,p_40,format,webp,format,webp"
MEGA SPACE MOLLY 100% Series 2-B,"https://prod-america-res.popmart.com/default/01_eeJ1anRU4a_1200x1200.jpg?x-oss-process=image/resize,p_40,format,webp,format,webp"
MEGA SPACE MOLLY 100% Series 3,"https://prod-america-res.popmart.com/default/20240724_172507_220011____mega-space-molly-100-series-3-mega-pop-mart-us-3_____1200x1200.jpg?x-oss-process=image/resize,p_40,format,webp,format,webp"
MEGA SPACE MOLLY 400% Planet Series Figures,"https://prod-america-res.popmart.com/default/20231030_161032_056589__1200x1200.jpg?x-oss-process=image/resize,p_40,format,webp,format,webp"
MEGA SPACE MOLLY 400% Soft Drinks,"https://prod-america-res.popmart.com/default/secret_VwWGsavQED_1200x1200.jpg?x-oss-process=image/resize,p_40,format,webp,format,webp"
MOLLY Anniversary Statues Classical Retro 2 Series Figures,"https://prod-america-res.popmart.com/default/20240627_114856_438399____molly-anniversary-statues-classical-retro-2-series-figures-blind-boxes-pop-mart-us-1_____1200x1200.jpg?x-oss-process=image/resize,p_40,format,webp,format,webp"
MOLLY Car Car Series,"https://prod-america-res.popmart.com/default/1_zF8ZSuqYJa_1200x1200.jpg?x-oss-process=image/resize,p_40,format,webp,format,webp"
MOLLY Carb-Lover Series Figures,"https://prod-america-res.popmart.com/default/20241011_145442_452353____molly-carb-lover-series-figures-blind-boxes-pop-mart-us-1_____1200x1200.jpg?x-oss-process=image/resize,p_40,format,webp,format,webp"
MOLLY Cooking Series,"https://prod-america-res.popmart.com/default/7_gVFacSy7yO_1200x1200.jpg?x-oss-process=image/resize,p_40,format,webp,format,webp"
MOLLY Imaginary Wandering Series,"https://prod-america-res.popmart.com/default/10_N0cCbIb5T9_1200x1200.jpg?x-oss-process=image/resize,p_40,format,webp,format,webp"
MOLLY My Childhood Series,"https://prod-america-res.popmart.com/default/1_uY4tfTQTtf_1200x1200.jpg?x-oss-process=image/resize,p_40,format,webp,format,webp"
MOLLY My Instant Superpower Series Figures,"https://prod-america-res.popmart.com/default/20240115_165917_385874__1200x1200.jpg?x-oss-process=image/resize,p_40,format,webp,format,webp"
MOLLY My Instant Superpower Series-Cable Blind Box (Type-C),"https://prod-america-res.popmart.com/default/20240115_174845_269505__1200x1200.jpg?x-oss-process=image/resize,p_40,format,webp,format,webp"
MOLLY My Instant Superpower Series-Cable Blind Box (iPhone),"https://prod-america-res.popmart.com/default/20240115_175116_139781__1200x1200.jpg?x-oss-process=image/resize,p_40,format,webp,format,webp"
MOLLY My Instant Superpower Series-Decorative Charm Blind Box,"https://prod-america-res.popmart.com/default/20240115_173004_853334__1200x1200.jpg?x-oss-process=image/resize,p_40,format,webp,format,webp"
MOLLY Steam Punk Animal Bike Series,"https://prod-america-res.popmart.com/default/12_aWS8Nxji4f_1200x1200.jpg?x-oss-process=image/resize,p_40,format,webp,format,webp"
MOLLY × INSTINCTOY Erosion MOLLY Costume Series,"https://prod-america-res.popmart.com/default/7_7TrSTCO5Ae_1200x1200.jpg?x-oss-process=image/resize,p_40,format,webp,format,webp"
MOLLY × The Powerpuff Girls Series Action Figure,"https://prod-america-res.popmart.com/default/20240627_143900_289372____molly-the-powerpuff-girls-series-action-figure_bjd_details_01_____1200x1200.jpg?x-oss-process=image/resize,p_40,format,webp,format,webp"
MOLLY × Warner Bros 100th Anniversary Series Figures,"https://prod-america-res.popmart.com/default/4_ox2H9rY6Lh_1200x1200.jpg?x-oss-process=image/resize,p_40,format,webp,format,webp"
MOLLY× Mika Ninagawa Blind Box Series,"https://prod-america-res.popmart.com/default/4_L4MLvfc6we_2854x2853.jpg?x-oss-process=image/resize,p_40,format,webp,format,webp"
【Offline】MEGA SPACE MOLLY 100% CHINA WOMEN'S NATIONAL BASKETBALL TEAM,"https://prod-america-res.popmart.com/default/20240725_145450_183361____mega-space-molly-100-china-women-s-national-basketball-team-figurine-pop-mart-us-1-1_____1200x1200.jpg?x-oss-process=image/resize,p_40,format,webp,format,webp"
BUNNY Magic Series,"https://prod-america-res.popmart.com/default/2_Ze7h23FpWo_1200x1200.jpg?x-oss-process=image/resize,p_40,format,webp,format,webp"
BUNNY School Series,"https://prod-america-res.popmart.com/default/20231023_164849_479588__1200x1200.jpg?x-oss-process=image/resize,p_40,format,webp,format,webp"
BUNNY Spring Breeze Series,"https://prod-america-res.popmart.com/default/20240110_180418_290663__1200x1200.jpg?x-oss-process=image/resize,p_40,format,webp,format,webp"
BUNNY Zodiac Series,"https://prod-america-res.popmart.com/default/20231016_191606_029832__1200x1200.jpg?x-oss-process=image/resize,p_40,format,webp,format,webp"
Flying DongDong Have Something Series -Plush Pendant Blind Box,"https://prod-america-res.popmart.com/default/20240111_101932_654271__1200x1200.jpg?x-oss-process=image/resize,p_40,format,webp,format,webp"
Flying DongDong I Love Ice Cream Series,"https://prod-america-res.popmart.com/default/20240320_105531_573337__1200x1200.jpg?x-oss-process=image/resize,p_40,format,webp,format,webp"
Matchless POP MART 14th Anniversary Series Figures,"https://prod-america-res.popmart.com/default/20240816_152444_876819____matchless-pop-mart-14th-anniversary-series-figures-blind-boxes-pop-mart-us-5_____1200x1200.jpg?x-oss-process=image/resize,p_40,format,webp,format,webp"
Spotlight POP MART 13th Anniversary Series Figures,"https://prod-america-res.popmart.com/default/20231026_180337_375128__1200x1200.jpg?x-oss-process=image/resize,p_40,format,webp,format,webp"
Harry Potter Heading to Hogwarts Series,"https://prod-america-res.popmart.com/default/1_cUoNhOsNtV_1200x1200.jpg?x-oss-process=image/resize,p_40,format,webp,format,webp"
Harry Potter and the Prisoner of Azkaban Series Figures,"https://prod-america-res.popmart.com/default/secret_k61w2lArE6_1200x1200.jpg?x-oss-process=image/resize,p_40,format,webp,format,webp"
Harry Potter and the Sorcerer's Stone Series,"https://prod-america-res.popmart.com/default/2_ZRgRB49yNO_1200x1200.jpg?x-oss-process=image/resize,p_40,format,webp,format,webp"
Spy × Family Anya's Daily Life Series Figures,"https://prod-america-res.popmart.com/default/20231120_095852_177288__1200x1200.jpg?x-oss-process=image/resize,p_40,format,webp,format,webp"
Snoopy Space Exploration Series,"https://prod-america-res.popmart.com/default/09_ioMFV8JbJQ_1200x1200.jpg?x-oss-process=image/resize,p_40,format,webp,format,webp"
Snoopy The Best Friends Series Figures,"https://prod-america-res.popmart.com/default/20240111_092547_909402__1200x1200.jpg?x-oss-process=image/resize,p_40,format,webp,format,webp"
Disney 100th Anniversary Pixar Series Figures,"https://prod-america-res.popmart.com/default/20240315_160348_010050__1200x1200.jpg?x-oss-process=image/resize,p_40,format,webp,format,webp"
Disney 100th anniversary Mickey Ever-Curious Series Figures,"https://prod-america-res.popmart.com/default/20240322_154359_942026__1200x1200.jpg?x-oss-process=image/resize,p_40,format,webp,format,webp"
Disney Classic Fairy Tales Series,"https://prod-america-res.popmart.com/default/20241112_181022_555166____1_disney-classic-fairy-tales-series_blind-boxes_details_popmart-us-8_____1200x1200.jpg?x-oss-process=image/resize,p_40,format,webp,format,webp"
Disney Princess - Fairy Tale Friendship Series,"https://prod-america-res.popmart.com/default/20240315_155236_026708__1200x1200.jpg?x-oss-process=image/resize,p_40,format,webp,format,webp"
Disney Princess Exclusive Ride Series,"https://prod-america-res.popmart.com/default/20240326_173417_207273__1200x1200.jpg?x-oss-process=image/resize,p_40,format,webp,format,webp"
Disney Snow White Classic Series Figures,"https://prod-america-res.popmart.com/default/20240529_140444_453993____disney-snow-white-classic-series-figures-blind-boxes-pop-mart-us-1_____1200x1200.jpg?x-oss-process=image/resize,p_40,format,webp,format,webp"
Disney Steamboat Willie Series Figures,"https://prod-america-res.popmart.com/default/20240717_184752_254794____disney-steamboat-willie-series-figures-blind-boxes-pop-mart-us-1_____1200x1200.jpg?x-oss-process=image/resize,p_40,format,webp,format,webp"
Disney Stitch on a Date Series Figures,"https://prod-america-res.popmart.com/default/20241010_094017_559210____disney-stitch-on-a-date-series-figures-blind-boxes-pop-mart-us-1_____1200x1200.jpg?x-oss-process=image/resize,p_40,format,webp,format,webp"
Disney Swing Series Figures,"https://prod-america-res.popmart.com/default/20240528_141038_906447____disney-swing-series-blind-boxes-pop-mart-us-2_____1200x1200.jpg?x-oss-process=image/resize,p_40,format,webp,format,webp"
Disney Winnie the Pooh Gift Giving Series Figures,"https://prod-america-res.popmart.com/default/20241017_170844_508252____disney-winnie-the-pooh-gift-giving-series-figures-blind-boxes-pop-mart-us-1_____1200x1200.jpg?x-oss-process=image/resize,p_40,format,webp,format,webp"
Disney Zootopia Series Figures,"https://prod-america-res.popmart.com/default/20240905_154530_252365____disney-zootopia-series-figures-blind-boxes-pop-mart-us-1_____1200x1200.jpg?x-oss-process=image/resize,p_40,format,webp,format,webp"
Disney/Pixar Alien-Immersive Experience Series Figures,"https://prod-america-res.popmart.com/default/20240705_104537_768342____disneypixar-alien-immersive-experience-series-figures-blind-boxes-pop-mart-us-1_____1200x1200.jpg?x-oss-process=image/resize,p_40,format,webp,format,webp"
Disney/Pixar POP CUBE-1 Series Figures,"https://prod-america-res.popmart.com/default/20240808_145031_729687____disneypixar-pop-cube-1-series-figures-blind-boxes-pop-mart-us-1_____1200x1200.jpg?x-oss-process=image/resize,p_40,format,webp,format,webp"
Disney/Pixar POP CUBE-2 Series Figures,"https://prod-america-res.popmart.com/default/20240808_144615_004556____disneypixar-pop-cube-2-series-figures-blind-boxes-pop-mart-us-1_____1200x1200.jpg?x-oss-process=image/resize,p_40,format,webp,format,webp"
Disney/Pixar POP CUBE-3 Series Figures,"https://prod-america-res.popmart.com/default/20240808_144748_319672____disneypixar-pop-cube-3-series-figures-blind-boxes-pop-mart-us-1_____1200x1200.jpg?x-oss-process=image/resize,p_40,format,webp,format,webp"
Disney/Pixar Spooky Night Series Figures,"https://prod-america-res.popmart.com/default/20240924_113844_411497____disneypixar-spooky-night-series-figures-blind-boxes-pop-mart-us-1_____1200x1200.jpg?x-oss-process=image/resize,p_40,format,webp,format,webp"
THE MONSTERS - Have a Seat Vinyl Plush Blind Box,"https://prod-america-res.popmart.com/default/20240710_102728_405355____the-monsters-have-a-seat-vinyl-plush-blind-box-blind-boxes-pop-mart-us-1_____1200x1200.jpg?x-oss-process=image/resize,p_40,format,webp,format,webp"
THE MONSTERS Almost Hidden Series Figures,"https://prod-america-res.popmart.com/default/20240408_153752_028213__1200x1200.jpg?x-oss-process=image/resize,p_40,format,webp,format,webp"
THE MONSTERS Animals Series,"https://prod-america-res.popmart.com/default/8_gxAV2DACBf_1200x1200.jpg?x-oss-process=image/resize,p_40,format,webp,format,webp"
THE MONSTERS COCA-COLA Series Figures,"https://prod-america-res.popmart.com/default/20241112_154521_706444____1_the-monsters-coca-colaseries-figures_blind-boxes_details_popmart-us_____1200x1200.jpg?x-oss-process=image/resize,p_40,format,webp,format,webp"
THE MONSTERS Camping Series,"https://prod-america-res.popmart.com/default/08_yi22tOp4ja_1200x1200.jpg?x-oss-process=image/resize,p_40,format,webp,format,webp"
THE MONSTERS Candy Series,"https://prod-america-res.popmart.com/default/5_qwJJJteZcE_1200x1200.jpg?x-oss-process=image/resize,p_40,format,webp,format,webp"
THE MONSTERS Catch Me If You Like Me Series-Sachet Blind Box,"https://prod-america-res.popmart.com/default/20240131_172735_591516__1200x1200.jpg?x-oss-process=image/resize,p_40,format,webp,format,webp"
THE MONSTERS Christmas Together Series Figures,"https://prod-america-res.popmart.com/default/20231103_151401_048241__1200x1200.jpg?x-oss-process=image/resize,p_40,format,webp,format,webp"
THE MONSTERS Classic Series-Sparkly Plush Pendant Blind Box,"https://prod-america-res.popmart.com/default/20241113_173315_990873____the-monsters-classic-series-sparkly-plush-pendant-blind-box-accessories-pop-mart-us-1_____1200x1200.jpg?x-oss-process=image/resize,p_40,format,webp,format,webp"
THE MONSTERS Constellation Series Figures,"https://prod-america-res.popmart.com/default/9_BZZIqetj3N_1200x1200.jpg?x-oss-process=image/resize,p_40,format,webp,format,webp"
THE MONSTERS FALL IN WILD SERIES-Badge Blind Box,"https://prod-america-res.popmart.com/default/20240409_101939_601526__1200x1200.jpg?x-oss-process=image/resize,p_40,format,webp,format,webp"
THE MONSTERS FALL IN WILD SERIES-Bucket Hat Mini Bag BIind Box,"https://prod-america-res.popmart.com/default/20240408_155819_690834__1200x1200.jpg?x-oss-process=image/resize,p_40,format,webp,format,webp"
THE MONSTERS Fruits Series,"https://prod-america-res.popmart.com/default/05_8RzKB1VQvQ_1200x1200.jpg?x-oss-process=image/resize,p_40,format,webp,format,webp"
THE MONSTERS Home of the Elves Series,"https://prod-america-res.popmart.com/default/5_G37iDEBjdu_1200x1200.jpg?x-oss-process=image/resize,p_40,format,webp,format,webp"
THE MONSTERS Kaiju Series,"https://prod-america-res.popmart.com/default/01_NtRSGDfWVQ_1200x1200.jpg?x-oss-process=image/resize,p_40,format,webp,format,webp"
THE MONSTERS Lazy Yoga Series Figures,"https://prod-america-res.popmart.com/default/20240801_111752_972104____the-monsters-lazy-yoga-series-figures-blind-boxes-pop-mart-us-1_____1200x1200.jpg?x-oss-process=image/resize,p_40,format,webp,format,webp"
THE MONSTERS Let's Have Fun Together Series-Night Light Blind Box,"https://prod-america-res.popmart.com/default/20240808_110254_872858____the-monsters-let-s-have-fun-together-series-night-light-blind-box-blind-boxes-pop-mart-us-1_____1200x1200.jpg?x-oss-process=image/resize,p_40,format,webp,format,webp"
THE MONSTERS Mischief Diary Series Figures,"https://prod-america-res.popmart.com/default/20240125_140728_839680__1200x1200.jpg?x-oss-process=image/resize,p_40,format,webp,format,webp"
THE MONSTERS Party Series - Reversible Plush,"https://prod-america-res.popmart.com/default/20240718_104609_791785____the-monsters-party-series-reversible-plush-toy-blind-box-blind-boxes-pop-mart-us-2_____1200x1200.jpg?x-oss-process=image/resize,p_40,format,webp,format,webp"
THE MONSTERS Playing Games Series Scene Sets,"https://prod-america-res.popmart.com/default/20240905_154925_451738____the-monsters-playing-games-series-scene-sets_blind-boxes_details_popmart-us-_1_____1200x1200.jpg?x-oss-process=image/resize,p_40,format,webp,format,webp"
THE MONSTERS x SpongeBob Series,"https://prod-america-res.popmart.com/default/1_XyTWmdZVDB_1200x1200.jpg?x-oss-process=image/resize,p_40,format,webp,format,webp"
THE MONSTERS × Kow Yokoyama Ma.k. Series,"https://prod-america-res.popmart.com/default/02_L4FAbq3jeS_1200x1200.jpg?x-oss-process=image/resize,p_40,format,webp,format,webp"
THE MONSTERS-CHEERS ! SERIES-Double-walled Glass Blind Box,"https://prod-america-res.popmart.com/default/20240516_191748_791791____1_____1200x1200.jpg?x-oss-process=image/resize,p_40,format,webp,format,webp"
THE MONSTERS-Naughty Plants Vinyl Face Blind Box,"https://prod-america-res.popmart.com/default/01_49qi9wz3Yb_1200x1200.jpg?x-oss-process=image/resize,p_40,format,webp,format,webp"
Universal Monsters Alliance Series Figures,"https://prod-america-res.popmart.com/default/20230927_175553_791396__1200x1200.jpg?x-oss-process=image/resize,p_40,format,webp,format,webp"
FLABJACKS Banana Boo Fantastic Galactic Series,"https://prod-america-res.popmart.com/default/05_IBM2gerXdo_1200x1200.jpg?x-oss-process=image/resize,p_40,format,webp,format,webp"
FLABJACKS Wonderfully Strange Series,"https://prod-america-res.popmart.com/default/06_IG3YjIgjlL_1200x1200.jpg?x-oss-process=image/resize,p_40,format,webp,format,webp"
MINICO Fantasy World Series,"https://prod-america-res.popmart.com/default/20231107_115011_046716__1200x1200.jpg?x-oss-process=image/resize,p_40,format,webp,format,webp"
MINICO My Toy Party Series,"https://prod-america-res.popmart.com/default/06_JxWWUaXtU1_1200x1200.jpg?x-oss-process=image/resize,p_40,format,webp,format,webp"
HIRONO Little Mischief Series,"https://prod-america-res.popmart.com/default/5_ZVFFZu7ckA_1200x1200.jpg?x-oss-process=image/resize,p_40,format,webp,format,webp"
HIRONO Mime Series Figures,"https://prod-america-res.popmart.com/default/10_IXc6aKqnXu_1200x1200.jpg?x-oss-process=image/resize,p_40,format,webp,format,webp"
HIRONO Reshape Series Figures,"https://prod-america-res.popmart.com/default/20231222_173151_302747__1200x1200.jpg?x-oss-process=image/resize,p_40,format,webp,format,webp"
HIRONO The Other One Series,"https://prod-america-res.popmart.com/default/20231102_173452_272268__1200x1200.jpg?x-oss-process=image/resize,p_40,format,webp,format,webp"
Hirono Shelter Series Figures,"https://prod-america-res.popmart.com/default/20240711_142219_320135____hirono-shelter-series-figures-blind-boxes-pop-mart-us-1_____1200x1200.jpg?x-oss-process=image/resize,p_40,format,webp,format,webp"
Hirono × Le Petit Prince Series Figures,"https://prod-america-res.popmart.com/default/20241012_170523_285993____hirono-x-le-petit-prince-series-figures-blind-boxes-pop-mart-us-1_____1200x1200.jpg?x-oss-process=image/resize,p_40,format,webp,format,webp"
AZURA A Dream About Stars Series Figures,"https://prod-america-res.popmart.com/default/20240717_183756_334561____azura-a-dream-about-stars-series-figures-blind-boxes-pop-mart-us-1_____1200x1200.jpg?x-oss-process=image/resize,p_40,format,webp,format,webp"
AZURA Animal Fighting Match Series,"https://prod-america-res.popmart.com/default/2_YP343mQAy2_1200x1200.jpg?x-oss-process=image/resize,p_40,format,webp,format,webp"
AZURA Fantasy Nature Series Figures,"https://prod-america-res.popmart.com/default/20231115_092439_067295__1200x1200.jpg?x-oss-process=image/resize,p_40,format,webp,format,webp"
AZURA Spring Fantasy Series,"https://prod-america-res.popmart.com/default/09_lJb3h71kfW_1200x1200.jpg?x-oss-process=image/resize,p_40,format,webp,format,webp"
AZURA Wardrobe Series,"https://prod-america-res.popmart.com/default/7_8ddy9J4Akf_1200x1200.jpg?x-oss-process=image/resize,p_40,format,webp,format,webp"
AZURA Warm Christmas Series Figures,"https://prod-america-res.popmart.com/default/20241113_143116_352294____1_azura-warm-christmas-series-figures_blind-boxes_details_popmart-us_____1200x1200.jpg?x-oss-process=image/resize,p_40,format,webp,format,webp"
DIMOO Animal Kingdom Series Figures,"https://prod-america-res.popmart.com/default/20240319_163003_205755__1200x1200.jpg?x-oss-process=image/resize,p_40,format,webp,format,webp"
DIMOO Animal Kingdom Series-Badge Blind Box,"https://prod-america-res.popmart.com/default/20240315_150000_251622__1200x1200.jpg?x-oss-process=image/resize,p_40,format,webp,format,webp"
DIMOO Animal Kingdom Series-Hair Tie Blind Box,"https://prod-america-res.popmart.com/default/20240315_141408_893600__1200x1200.jpg?x-oss-process=image/resize,p_40,format,webp,format,webp"
DIMOO Animal Kingdom Series-Sachet Blind Box,"https://prod-america-res.popmart.com/default/20240315_151226_156373__1200x1200.jpg?x-oss-process=image/resize,p_40,format,webp,format,webp"
DIMOO Aquarium Series,"https://prod-america-res.popmart.com/default/1_Xl2hBsatSb_1200x1200.jpg?x-oss-process=image/resize,p_40,format,webp,format,webp"
DIMOO Dating Series,"https://prod-america-res.popmart.com/default/11_qPXqMExWNN_1200x1200.jpg?x-oss-process=image/resize,p_40,format,webp,format,webp"
DIMOO Forest Night Series-Badge Blind Box,"https://prod-america-res.popmart.com/default/20231107_160927_964221__1200x1200.jpg?x-oss-process=image/resize,p_40,format,webp,format,webp"
DIMOO Go on an Outing Together Series,"https://prod-america-res.popmart.com/default/02_btTEEeQZH1_1200x1200.jpg?x-oss-process=image/resize,p_40,format,webp,format,webp"
DIMOO Homebody Series,"https://prod-america-res.popmart.com/default/4_W38eLg4Z6I_1200x1200.jpg?x-oss-process=image/resize,p_40,format,webp,format,webp"
DIMOO Jurassic World Series,"https://prod-america-res.popmart.com/default/6_e7fedo0j3t_1200x1200.jpg?x-oss-process=image/resize,p_40,format,webp,format,webp"
DIMOO Letters from Snowman Series Figures,"https://prod-america-res.popmart.com/default/20231124_190642_093381__1200x1200.jpg?x-oss-process=image/resize,p_40,format,webp,format,webp"
DIMOO Retro Series Figures,"https://prod-america-res.popmart.com/default/08_fuRRrz91Hf_1200x1200.jpg?x-oss-process=image/resize,p_40,format,webp,format,webp"
DIMOO Time Machine Series,"https://prod-america-res.popmart.com/default/13_uAAJImMCWz_1200x1200.jpg?x-oss-process=image/resize,p_40,format,webp,format,webp"
DIMOO Where We Go Series,"https://prod-america-res.popmart.com/default/08_FPvRTmxjfk_1200x1200.jpg?x-oss-process=image/resize,p_40,format,webp,format,webp"
DIMOO Zodiac Series,"https://prod-america-res.popmart.com/default/6_cueuki53fX_1200x1200.jpg?x-oss-process=image/resize,p_40,format,webp,format,webp"
DIMOO'S HOLIDAY IN THE USA SERIES-Alloy Pendant ,"https://prod-america-res.popmart.com/default/20240522_144111_894084____01-dimoo-s-holiday-in-the-usa-series-alloy-pendant__accessories_pop-mart-us_____1200x1200.jpg?x-oss-process=image/resize,p_40,format,webp,format,webp"
DIMOO'S HOLIDAY IN THE USA SERIES-Fridge Magnet ,"https://prod-america-res.popmart.com/default/20240517_144927_636696____01-dimoo-s-holiday-in-the-usa-series-fridge-badge__accessories_pop-mart-us_____1200x1200.jpg?x-oss-process=image/resize,p_40,format,webp,format,webp"
DIMOO：No One's Gonna Sleep Tonight  Series Figures,"https://prod-america-res.popmart.com/default/02_cWXp3YT0gi_1200x1200.jpg?x-oss-process=image/resize,p_40,format,webp,format,webp"
"CRYBABY CHEER UP, BABY! SERIES-Bracelet Blind Box","https://prod-america-res.popmart.com/default/20240428_203859_678133__1200x1200.jpg?x-oss-process=image/resize,p_40,format,webp,format,webp"
"CRYBABY CHEER UP, BABY! SERIES-Plush Pendant Blind Box","https://prod-america-res.popmart.com/default/20240528_111323_215345____crybaby-cheer-up-baby-series-plush-pendant-blind-box_details_blind-boxes_pop-mart-us-_1_____1200x1200.jpg?x-oss-process=image/resize,p_40,format,webp,format,webp"
CRYBABY Crying Again Series Figures,"https://prod-america-res.popmart.com/default/20240920_112810_219286____crybaby-crying-again-series-figures-blind-boxes-pop-mart-us-1_____1200x1200.jpg?x-oss-process=image/resize,p_40,format,webp,format,webp"
CRYBABY Crying Again Series-Vinyl Face Plush Blind Box,"https://prod-america-res.popmart.com/default/20241106_153507_005765____crybaby-crying-again-series-vinyl-face-plush-blind-box-accessories-pop-mart-us-1_____1200x1200.jpg?x-oss-process=image/resize,p_40,format,webp,format,webp"
CRYBABY Crying Parade Series,"https://prod-america-res.popmart.com/default/05_OsOuOZFN1I_1200x1200.jpg?x-oss-process=image/resize,p_40,format,webp,format,webp"
CRYBABY Lonely Christmas Series-Fragrance Blind Box,"https://prod-america-res.popmart.com/default/20240417_185359_716320__1200x1200.jpg?x-oss-process=image/resize,p_40,format,webp,format,webp"
CRYBABY Monster's Tears Series,"https://prod-america-res.popmart.com/default/11_hegolgQlsS_1200x1200.jpg?x-oss-process=image/resize,p_40,format,webp,format,webp"
CRYBABY PRIDE PARADE FIGURE,"https://prod-america-res.popmart.com/default/20240530_150643_209424____crybaby-pride-parade-figure_designer-figurine_pop-mart-us-_1_____1200x1200.jpg?x-oss-process=image/resize,p_40,format,webp,format,webp"
CRYBABY Sad Club Series - Plush Flower Blind Box,"https://prod-america-res.popmart.com/default/20240328_143642_405346__1200x1200.jpg?x-oss-process=image/resize,p_40,format,webp,format,webp"
CRYBABY Sad Club Series Scene Sets,"https://prod-america-res.popmart.com/default/20231229_103553_423247__1200x1200.jpg?x-oss-process=image/resize,p_40,format,webp,format,webp"
CRYBABY Sad Club Series-Fidget Spinner Blind Boxblind,"https://prod-america-res.popmart.com/default/20240102_115045_325784__1200x1200.jpg?x-oss-process=image/resize,p_40,format,webp,format,webp"
CRYBABY x Powerpuff Girls Series Figures,"https://prod-america-res.popmart.com/default/20240304_102853_237431__1200x1200.jpg?x-oss-process=image/resize,p_40,format,webp,format,webp"
CRYBABY x Powerpuff Girls Series-Cable Blind Box (Type-C),"https://prod-america-res.popmart.com/default/20240305_160928_509106__1200x1200.jpg?x-oss-process=image/resize,p_40,format,webp,format,webp"
CRYBABY x Powerpuff Girls Series-Cable Blind Box (iPhone),"https://prod-america-res.popmart.com/default/20240305_161506_469997__1200x1200.jpg?x-oss-process=image/resize,p_40,format,webp,format,webp"
CRYBABY x Powerpuff Girls Series-Phone Charm Blind Box,"https://prod-america-res.popmart.com/default/20240304_105754_671749__1200x1200.jpg?x-oss-process=image/resize,p_40,format,webp,format,webp"
CRYBABY × Powerpuff Girls Series-Vinyl Face Plush Blind Box,"https://prod-america-res.popmart.com/default/20240423_155140_785761__1200x1200.jpg?x-oss-process=image/resize,p_40,format,webp,format,webp"
Sweet Bean 24-Hour Convenience Store Series Prop,"https://prod-america-res.popmart.com/default/5_WoBh6fzB9M_1200x1200.jpg?x-oss-process=image/resize,p_40,format,webp,format,webp"
Sweet Bean Afternoon Tea Series Figures,"https://prod-america-res.popmart.com/default/20240402_142723_722239__1200x1200.jpg?x-oss-process=image/resize,p_40,format,webp,format,webp"
Sweet Bean Animals' Play Series,"https://prod-america-res.popmart.com/default/07_6juDrO5QVV_1200x1200.jpg?x-oss-process=image/resize,p_40,format,webp,format,webp"
Sweet Bean Fruit World Adventure Series Figures,"https://prod-america-res.popmart.com/default/20240829_175921_718336____sweet-bean-fruit-world-adventure-series-figures_blindboxes_popmart-us-_details_1_____1200x1200.jpg?x-oss-process=image/resize,p_40,format,webp,format,webp"
Sweet Bean Supermarket Series 2,"https://prod-america-res.popmart.com/default/03_soBlTEA49f_1200x1200.jpg?x-oss-process=image/resize,p_40,format,webp,format,webp"
Sweet Bean × INSTINCTOY Sweet Together Series,"https://prod-america-res.popmart.com/default/01_rp12r2YUNR_1200x1200.jpg?x-oss-process=image/resize,p_40,format,webp,format,webp"
INSTINCTOY Fantasy World Series-Plush Blind Box,"https://prod-america-res.popmart.com/default/20240718_165831_866744____instinctoy-fantasy-world-series-plush-blind-box-blind-boxes-pop-mart-us-1_____1200x1200.jpg?x-oss-process=image/resize,p_40,format,webp,format,webp"
INSTINCTOY Monster Fluffy Joyful Life Series,"https://prod-america-res.popmart.com/default/20240407_180433_466203__1200x1200.jpg?x-oss-process=image/resize,p_40,format,webp,format,webp"
SKULLPANDA  City of Night Series,"https://prod-america-res.popmart.com/default/1_zuniU1DV0j_1200x1200.jpg?x-oss-process=image/resize,p_40,format,webp,format,webp"
SKULLPANDA Ancient Castle Series,"https://prod-america-res.popmart.com/default/9_H2PJpez4M9_1200x1200.jpg?x-oss-process=image/resize,p_40,format,webp,format,webp"
SKULLPANDA CHEERS TO MYSELF SERIES-Phone Charm Blind Box,"https://prod-america-res.popmart.com/default/20240725_112847_946281____skullpanda-cheers-to-myself-series-phone-charm-blind-box-blind-boxes-pop-mart-us-1_____1200x1200.jpg?x-oss-process=image/resize,p_40,format,webp,format,webp"
SKULLPANDA City of Night Series-Badge Blind Box,"https://prod-america-res.popmart.com/default/20231110_172515_171824__1200x1200.jpg?x-oss-process=image/resize,p_40,format,webp,format,webp"
SKULLPANDA Everyday Wonderland Series,"https://prod-america-res.popmart.com/default/8_0xbpMXJOCC_1200x1200.jpg?x-oss-process=image/resize,p_40,format,webp,format,webp"
SKULLPANDA Image Of Reality Series Figures,"https://prod-america-res.popmart.com/default/20240208_184245_304687__1200x1200.jpg?x-oss-process=image/resize,p_40,format,webp,format,webp"
SKULLPANDA Image Of Reality Series-Badge Blind Box,"https://prod-america-res.popmart.com/default/20240208_203136_711283__1200x1200.jpg?x-oss-process=image/resize,p_40,format,webp,format,webp"
SKULLPANDA Laid Back Tomorrow Series,"https://prod-america-res.popmart.com/default/7_04SY9Iy1E2_1200x1200.jpg?x-oss-process=image/resize,p_40,format,webp,format,webp"
SKULLPANDA Tell Me What You Want Series Figures,"https://prod-america-res.popmart.com/default/20241031_180652_780456____1_skullpanda-tell-me-what-you-want-series-figures_blind-boxes_details_popmart-us_____1200x1200.jpg?x-oss-process=image/resize,p_40,format,webp,format,webp"
SKULLPANDA The Ink Plum Blossom Series Figures,"https://prod-america-res.popmart.com/default/20231030_173333_009457__1200x1200.jpg?x-oss-process=image/resize,p_40,format,webp,format,webp"
SKULLPANDA The Mare of Animals Series,"https://prod-america-res.popmart.com/default/3_XQ39gwHWlI_1200x1200.jpg?x-oss-process=image/resize,p_40,format,webp,format,webp"
SKULLPANDA The Sound Series Figures,"https://prod-america-res.popmart.com/default/20240619_183041_658908____skullpanda-the-sound-series-figures-blind-boxes-pop-mart-us-6_____1200x1200.jpg?x-oss-process=image/resize,p_40,format,webp,format,webp"
SKULLPANDA Warmth Series,"https://prod-america-res.popmart.com/default/1_89yLkPHj2n_1200x1200.jpg?x-oss-process=image/resize,p_40,format,webp,format,webp"
JACKSON WANG MAGIC MAN SERIES FIGURES,"https://prod-america-res.popmart.com/default/20240417_115005_772494__1200x1200.jpg?x-oss-process=image/resize,p_40,format,webp,format,webp"
KUBO Breathing In Series Figures,"https://prod-america-res.popmart.com/default/20240711_143217_864085____kubo-breathing-in-series-figures-blind-boxes-pop-mart-us-9_____1200x1200.jpg?x-oss-process=image/resize,p_40,format,webp,format,webp"
KUBO JEANS SERIES-Badge Blind Box,"https://prod-america-res.popmart.com/default/20240417_135434_046859__1200x1200.jpg?x-oss-process=image/resize,p_40,format,webp,format,webp"
KUBO JEANS SERIES-Cable Blind Box (Type-C),"https://prod-america-res.popmart.com/default/20240417_144901_563503__1200x1200.jpg?x-oss-process=image/resize,p_40,format,webp,format,webp"
KUBO JEANS SERIES-Cable Blind Box (iPhone),"https://prod-america-res.popmart.com/default/20240417_144025_711808__1200x1200.jpg?x-oss-process=image/resize,p_40,format,webp,format,webp"
KUBO Select Your Character Series Figures,"https://prod-america-res.popmart.com/default/20240108_171811_866500__1200x1200.jpg?x-oss-process=image/resize,p_40,format,webp,format,webp"
KUBO Walks of Life Series Figures,"https://prod-america-res.popmart.com/default/05_84qjBNrY9k_1200x1200.jpg?x-oss-process=image/resize,p_40,format,webp,format,webp"
Ultraman New Generation Heroes Series,"https://prod-america-res.popmart.com/default/3_YSaHjNdHyF_1200x1200.jpg?x-oss-process=image/resize,p_40,format,webp,format,webp"
Ultraman Shooting Studio Series Figures,"https://prod-america-res.popmart.com/default/20231130_163814_719592__1200x1200.jpg?x-oss-process=image/resize,p_40,format,webp,format,webp"
Hello NORI Series,"https://prod-america-res.popmart.com/default/1_rIzCDe3m4F_1200x1200.jpg?x-oss-process=image/resize,p_40,format,webp,format,webp"
NORI Youth Lookbook Series Figures,"https://prod-america-res.popmart.com/default/20231017_190716_220312__1200x1200.jpg?x-oss-process=image/resize,p_40,format,webp,format,webp"
PUCKY Forest Party Series-Vinyl  Plush Pendant Blind Box,"https://prod-america-res.popmart.com/default/20230928_224213_978705__1200x1200.jpg?x-oss-process=image/resize,p_40,format,webp,format,webp"
PUCKY Home Time Series Figures,"https://prod-america-res.popmart.com/default/20231218_161622_500653__1200x1200.jpg?x-oss-process=image/resize,p_40,format,webp,format,webp"
PUCKY Roly-Poly Kitty Series Figures,"https://prod-america-res.popmart.com/default/20240905_142726_812431____pucky-roly-poly-kitty-series-figures_blind-boxes_details_popmart-us-_1_____1200x1200.jpg?x-oss-process=image/resize,p_40,format,webp,format,webp"
PUCKY Roly-Poly Kitty Series-Vinyl Plush Blind Box,"https://prod-america-res.popmart.com/default/20240905_155249_898802____pucky-roly-poly-kitty-series-vinyl-plush-blind-box_blind-boxes_popmart-us-_1_____1200x1200.jpg?x-oss-process=image/resize,p_40,format,webp,format,webp"
PUCKY The Feast Series Figures,"https://prod-america-res.popmart.com/default/20240520_114423_858381____pucky-the-feast-series-figures-blind-boxes-pop-mart-us-1_____1200x1200.jpg?x-oss-process=image/resize,p_40,format,webp,format,webp"
PUCKY The Feast Series-Pendant Blind Box,"https://prod-america-res.popmart.com/default/20240520_114625_634988____pucky-the-feast-series-pendant-blind-box-accessories-pop-mart-us-1_____1200x1200.jpg?x-oss-process=image/resize,p_40,format,webp,format,webp"
PUCKY-Relax Beanie Series,"https://prod-america-res.popmart.com/default/07_ynKC3wyEPw_1200x1200.jpg?x-oss-process=image/resize,p_40,format,webp,format,webp"
POLAR - HELLO POLAR Season 1 Series Figures,"https://prod-america-res.popmart.com/default/20240909_190104_827692____polar-hello-polar-season-1-series-figures_blind-boxes_details_1_____1200x1200.jpg?x-oss-process=image/resize,p_40,format,webp,format,webp"
PHILIP COLBERT Homage to Masters Series,"https://prod-america-res.popmart.com/default/02_iWScGq71uI_1200x1200.jpg?x-oss-process=image/resize,p_40,format,webp,format,webp"
PHILIP COLBERT Lobster Land Series,"https://prod-america-res.popmart.com/default/2_mC2e6gN0yq_1200x1200.jpg?x-oss-process=image/resize,p_40,format,webp,format,webp"
Lil Peach Riot：Loading! Series Figures,"https://prod-america-res.popmart.com/default/20241025_110128_880961____lil-peach-riot_-loading-series-figures-blind-boxes-pop-mart-us-2_____1200x1200.jpg?x-oss-process=image/resize,p_40,format,webp,format,webp"
Peach Riot Punk Fairy Series Figures,"https://prod-america-res.popmart.com/default/20240419_151500_319894__1200x1200.jpg?x-oss-process=image/resize,p_40,format,webp,format,webp"
Peach Riot Rise Up Series Figures,"https://prod-america-res.popmart.com/default/20231212_141332_046821__1200x1200.jpg?x-oss-process=image/resize,p_40,format,webp,format,webp"
DC Batman 85th Anniversary Series Figures,"https://prod-america-res.popmart.com/default/20240815_183551_595226____dc-batman-85th-anniversary-series-figures_blindboxes_popmart-us-_details_1_____1200x1200.jpg?x-oss-process=image/resize,p_40,format,webp,format,webp"
DC Gotham City Series,"https://prod-america-res.popmart.com/default/2_0ZdisqOV49_1200x1200.jpg?x-oss-process=image/resize,p_40,format,webp,format,webp"
DC Justice League Childhood Series Figures,"https://prod-america-res.popmart.com/default/20240122_094339_624894__1200x1200.jpg?x-oss-process=image/resize,p_40,format,webp,format,webp"
DC Justice League Series,"https://prod-america-res.popmart.com/default/04_aUR1lbiieV_1200x1200.jpg?x-oss-process=image/resize,p_40,format,webp,format,webp"
inosoul's Lucid Dreams Series Figures,"https://prod-america-res.popmart.com/default/20240417_110949_956996__1200x1200.jpg?x-oss-process=image/resize,p_40,format,webp,format,webp"
VITA Daily Wear Collection Series,"https://prod-america-res.popmart.com/default/11_yOMz2zfXdO_1200x1200.jpg?x-oss-process=image/resize,p_40,format,webp,format,webp"
VITA Super Band Series,"https://prod-america-res.popmart.com/default/01_Np3jS80tg5_1200x1200.jpg?x-oss-process=image/resize,p_40,format,webp,format,webp"
Nyota's Fluffy Life Series Figures,"https://prod-america-res.popmart.com/default/20240215_011459_126624__1200x1200.jpg?x-oss-process=image/resize,p_40,format,webp,format,webp"
FUBOBO Tailor Shop Series,"https://prod-america-res.popmart.com/default/20240122_104159_244196__1200x1200.jpg?x-oss-process=image/resize,p_40,format,webp,format,webp"
FUBOBO Treasure of Time Series Figures,"https://prod-america-res.popmart.com/default/20231212_091825_881514__1200x1200.jpg?x-oss-process=image/resize,p_40,format,webp,format,webp"
Happy Halloween Party Series-LABUBU Canvas Bag,"https://prod-america-res.popmart.com/default/20240905_140012_774660____happy-halloween-party-series-labubu-canvas-bag_accessories_detais_1_____1200x1200.jpg?x-oss-process=image/resize,p_40,format,webp,format,webp"
Chibi Maruko-Chan's Interesting Life Series,"https://prod-america-res.popmart.com/default/01_aapBX8HW0p_1200x1200.jpg?x-oss-process=image/resize,p_40,format,webp,format,webp"
Chibi Maruko-chan's Quirky Adventures Series Figures,"https://prod-america-res.popmart.com/default/20231229_104200_604912__1200x1200.jpg?x-oss-process=image/resize,p_40,format,webp,format,webp"
Avofriends Dancing Series,"https://prod-america-res.popmart.com/default/20231213_093611_205890__1200x1200.jpg?x-oss-process=image/resize,p_40,format,webp,format,webp"
We are Twinkle Twinkle Series Figures,"https://prod-america-res.popmart.com/default/20240808_145920_851057____we-are-twinkle-twinkle-series-figures-blind-boxes-pop-mart-us-1_____1200x1200.jpg?x-oss-process=image/resize,p_40,format,webp,format,webp"
We are Twinkle Twinkle Series-Plush Pendant Blind Box,"https://prod-america-res.popmart.com/default/20240912_115506_260928____we-are-twinkle-twinkle-series-plush-pendant-blind-box_blind-boxes_details_popmart-us-_1_____1200x1200.jpg?x-oss-process=image/resize,p_40,format,webp,format,webp"
OIPIPPI's Joyfulness Series Figures,"https://prod-america-res.popmart.com/default/20240115_172613_055619__1200x1200.jpg?x-oss-process=image/resize,p_40,format,webp,format,webp"
SUSUMI Magic House Series,"https://prod-america-res.popmart.com/default/01_TTWxuB2b3Q_1200x1200.jpg?x-oss-process=image/resize,p_40,format,webp,format,webp"
KONATSUYA Negora Lucky Things Series,"https://prod-america-res.popmart.com/default/08_Me7XFC2HW4_1200x1200.jpg?x-oss-process=image/resize,p_40,format,webp,format,webp"
PINO JELLY How Are You Feeling Today Series,"https://prod-america-res.popmart.com/default/10_RsKKk8j3NQ_1200x1200.jpg?x-oss-process=image/resize,p_40,format,webp,format,webp"
PINO JELLY Taste ＆ Personality Quiz Series Figures,"https://prod-america-res.popmart.com/default/01_T5wWIEyv6u_1200x1200.jpg?x-oss-process=image/resize,p_40,format,webp,format,webp"
Clash of Clans & Clash Royale-Classic Character Series,"https://prod-america-res.popmart.com/default/8_UoitRiXaeu_1200x1200.jpg?x-oss-process=image/resize,p_40,format,webp,format,webp"
SpongeBob Life Transitions Series Figures,"https://prod-america-res.popmart.com/default/01_1tJK2mztXi_1200x1200.jpg?x-oss-process=image/resize,p_40,format,webp,format,webp"
SpongeBob Picnic Party Series Prop,"https://prod-america-res.popmart.com/default/9_gDtKLs1ivG_1200x1200.jpg?x-oss-process=image/resize,p_40,format,webp,format,webp"
SpongeBob Sightseeing Car Series Vehicles,"https://prod-america-res.popmart.com/default/2_HX1Sghw3I8_1200x1200.jpg?x-oss-process=image/resize,p_40,format,webp,format,webp"
SpongeBob SquarePants Carnival Anniversary Series Scene Sets,"https://prod-america-res.popmart.com/default/20240816_174135_187822____spongebob-squarepants-carnival-anniversary-series-scene-sets_blindboxes_popmart-us-_details_1_____1200x1200.jpg?x-oss-process=image/resize,p_40,format,webp,format,webp"
BOBO & COCO A Little Store Series,"https://prod-america-res.popmart.com/default/09_azhruvw5qg_1200x1200.jpg?x-oss-process=image/resize,p_40,format,webp,format,webp"
BAZBON WORKING BOYZ SERIES,"https://prod-america-res.popmart.com/default/01_BCUL9R7Vb6_1200x1200.jpg?x-oss-process=image/resize,p_40,format,webp,format,webp"
ViViCat Courtyard Series Prop,"https://prod-america-res.popmart.com/default/20240328_153749_826198__1200x1200.jpg?x-oss-process=image/resize,p_40,format,webp,format,webp"
