Category,Name,Image URL
THE MONSTERS,THE MONSTERS 1:00 A.M. Series Figures,"https://prod-america-res.popmart.com/default/20251107_175403_338807____1_the-monsters-100-a-m-series-figures_blind-boxes_details_pop-mart-us_____1200x1200.jpg?x-oss-process=image/resize,p_40,format,webp,format,webp"
CRYBABY,CRYBABY CRYING TO THE MOON SERIES FIGURES,"https://prod-america-res.popmart.com/default/20251128_154513_200062____1_crybaby-crying-to-the-moon-series-figures_blind-boxes-_details_pop-mart-us_____1200x1200.jpg?x-oss-process=image/resize,p_40,format,webp,format,webp"
NYOTA,Nyota We are All Stars Series Figures,"https://prod-america-res.popmart.com/default/20251205_172928_703353____1_nyota-we-are-all-stars-series-figures_blind-boxes_details_pop-mart-us_____1200x1200.jpg?x-oss-process=image/resize,p_40,format,webp,format,webp"
PUCKY,PUCKY Fairies' Market Series Figures,"https://prod-america-res.popmart.com/default/20251128_164711_739637____1_pucky-fairies-market-series-figures_blind-boxes_details_pop-mart-us_____1200x1200.jpg?x-oss-process=image/resize,p_40,format,webp,format,webp"
CRYBABY,CRYBABY CRYING TO THE MOON-SITTING SERIES FIGURES,"https://prod-america-res.popmart.com/default/20251128_154234_854426____1_crybaby-crying-to-the-moon-sitting-seiries-figures_blind-boxes_details_pop-mart-us_____1200x1200.jpg?x-oss-process=image/resize,p_40,format,webp,format,webp"
NARUTO,Naruto: Shippuden Series Battle Against Akatsuki Themed Figure,"https://prod-america-res.popmart.com/default/20251031_165903_611708____1_naruto-shippuden-series-battle-against-akatsuki-themed-figure_blind-boxes_details_pop-mart-us_____1200x1200.jpg?x-oss-process=image/resize,p_40,format,webp,format,webp"
HEARTHSTONE LEGENDS,Hearthstone Legends in Tavern Series Figures,"https://prod-america-res.popmart.com/default/20251124_120042_223316____1_hearthstone-legends-in-tavern-series-figures_blind-boxes_details_pop-mart-us_____1200x1200.jpg?x-oss-process=image/resize,p_40,format,webp,format,webp"
EVANGELION,Evangelion Super Mini Figure,"https://prod-america-res.popmart.com/default/20251024_162629_963828____1_evangelion-super-mini-figure_blind-boxes_details_pop-mart-us_____1200x1200.jpg?x-oss-process=image/resize,p_40,format,webp,format,webp"
SKULLPANDA,SKULLPANDA The Feast Begins Series Figures,"https://prod-america-res.popmart.com/default/20251024_185606_950948____1_skullpanda-the-feast-begins-series-figures_blind-boxes_details_pop-mart-us_____1200x1200.jpg?x-oss-process=image/resize,p_40,format,webp,format,webp"
SWEET BEAN,Sweet Bean Your Exclusive Holiday Series Figures,"https://prod-america-res.popmart.com/default/20251031_164033_894716____1_sweet-bean-your-exclusive-holiday-series-figures_blind-boxes_details_pop-mart-us_____1200x1200.jpg?x-oss-process=image/resize,p_40,format,webp,format,webp"
HIRONO,Hirono Monsters' Carnival Series Figures,"https://prod-america-res.popmart.com/default/20251020_152755_184300____1_hirono-monsters-carnival-series-figures_blind-boxes_details_pop-mart-us_____1200x1200.jpg?x-oss-process=image/resize,p_40,format,webp,format,webp"
PEACH RIOT,Lil Peach Riot Holiday Mixtape Series Figures,"https://prod-america-res.popmart.com/default/20251031_173608_235607____1_lil-peach-riot-holiday-mixtape-series-figures_blind-boxes_details_pop-mart-us_____1200x1200.jpg?x-oss-process=image/resize,p_40,format,webp,format,webp"
ZSIGA,Zsiga × Care Bears Series Figures,"https://prod-america-res.popmart.com/default/20250919_181622_409151____1_zsiga-care-bears-series-figures_blind-boxes_details_pop-mart-us_____1200x1200.jpg?x-oss-process=image/resize,p_40,format,webp,format,webp"
ZSIGA,Zsiga The Winter of Gifts Series Figures,"https://prod-america-res.popmart.com/default/20251107_154510_531134____1_zsiga-the-winter-of-gifts-series-figures_blind-boxes_details_pop-mart-us_____1200x1200.jpg?x-oss-process=image/resize,p_40,format,webp,format,webp"
NYOTA,Nyota I Am the Seasons Series Figures,"https://prod-america-res.popmart.com/default/20250721_112941_910070____1_nyota-i-am-the-seasons-series-figures_blind-boxes_details_popmart-us_____1200x1200.jpg?x-oss-process=image/resize,p_40,format,webp,format,webp"
TWINKLE TWINKLE,Twinkle Twinkle Savor the Moment Series Figures,"https://prod-america-res.popmart.com/default/20250925_100318_568141____1_twinkle-twinkle-savor-the-moment-series-figures_blind-boxes_details_pop-mart-us_____1200x1200.jpg?x-oss-process=image/resize,p_40,format,webp,format,webp"
POLAR,Polar-Season 2 <Hidden Forest Path> Series Figures,"https://prod-america-res.popmart.com/default/20251107_154757_966319____1_polar-season-2-hidden-forest-path-series-figures_blind-boxes_details_pop-mart-us_____0x2.jpg?x-oss-process=image/resize,p_40,format,webp,format,webp"
TINYTINY,TINYTINY-PROLOGUE SERIES FIGURES,"https://prod-america-res.popmart.com/default/20250207_120441_485155____1_tinytiny-prologue-series-figures_blind-boxes_details_popmart-us_____1200x1200.jpg?x-oss-process=image/resize,p_40,format,webp,format,webp"
CHAKA,CHAKA Candle Whisper Series Figures,"https://prod-america-res.popmart.com/default/20250509_181814_458576____1_chaka-candle-whisper-series-figures_blind-boxes_details_popmart-us_____1200x1200.jpg?x-oss-process=image/resize,p_40,format,webp,format,webp"
DRAGON BALL,DRAGON BALL-Alloy Vehicles Series Figures,"https://prod-america-res.popmart.com/default/20250711_172920_374816____1_dragon-ball-alloy-vehicles-series-figures_blind-boxes_details_popmart-us_____1200x1200.jpg?x-oss-process=image/resize,p_40,format,webp,format,webp"
SPY × FAMILY,Spy × Family Anya's Daily Life Series Figures,"https://prod-america-res.popmart.com/default/20231120_095852_177288__1200x1200.jpg?x-oss-process=image/resize,p_40,format,webp,format,webp"
INOSOUL,inosoul In the Still Room Series Figures,"https://prod-america-res.popmart.com/default/20250606_184003_023056____1_inosoul-in-the-still-room-series-figures_blind-boxes_details_popmart-us_____1200x1200.jpg?x-oss-process=image/resize,p_40,format,webp,format,webp"
CHAKA,CHAKA Light Sprite Series Figures,"https://prod-america-res.popmart.com/default/20240705_113446_250915____chaka-light-sprite-series-figures-blind-boxes-pop-mart-us-1_____1200x1200.jpg?x-oss-process=image/resize,p_40,format,webp,format,webp"
HACIPUPU,HACIPUPU Whispers of My World Series Figures,"https://prod-america-res.popmart.com/default/20251114_180016_956763____1_hacipupu-whispers-of-my-world-series-figures_blind-boxes_details_popmart-us_____1200x1200.jpg?x-oss-process=image/resize,p_40,format,webp,format,webp"
DIMOO,DIMOO The Missing Day Series Figures,"https://prod-america-res.popmart.com/default/20250912_163115_657205____1_dimoo-the-missing-day-series_blind-boxes_details_pop-mart-us_____1200x1200.jpg?x-oss-process=image/resize,p_40,format,webp,format,webp"
HAIKYU,Haikyu!! The Dumpster Battle Series Figures,"https://prod-america-res.popmart.com/default/20250919_142501_909399____1_haikyu-the-dumpster-battle-series-figures_blind-boxes_details_pop-mart-us_____1200x1200.jpg?x-oss-process=image/resize,p_40,format,webp,format,webp"
INOSOUL,inosoul The Forgotten Land Series Figures,"https://prod-america-res.popmart.com/default/20251121_160818_895085____1_inosoul-the-forgotten-land-series-figures_blind-boxes_details_pop-mart-us_____1200x1200.jpg?x-oss-process=image/resize,p_40,format,webp,format,webp"
ZOOTOPIA,Disney Zootopia: Next Adventure Series Figures,"https://prod-america-res.popmart.com/default/20250912_164115_956861____1_disney-zootopia-next-adventure-series-figures_blind-boxes_details_pop-mart-us_____1200x1200.jpg?x-oss-process=image/resize,p_40,format,webp,format,webp"
1001MOONS,1001MOONS Where’s the Elephant Slide Series Figures,"https://prod-america-res.popmart.com/default/20251121_155848_687811____1_1001moons-where-s-the-elephant-slide-series-figures_blind-boxes_details_pop-mart-us-2_____1200x1200.jpg?x-oss-process=image/resize,p_40,format,webp,format,webp"
THE MONSTERS,THE MONSTERS Almost Hidden Series Figures,"https://prod-america-res.popmart.com/default/20240408_153752_028213__1200x1200.jpg?x-oss-process=image/resize,p_40,format,webp,format,webp"
POP MART,Demon Slayer: Kimetsu no Yaiba Birth Flower Series Figures,"https://prod-america-res.popmart.com/default/20250107_153946_357001____1_demon-slayer-kimetsu-no-yaiba-birth-flower-series-figures_blind-boxes_details_popmart-us_____1200x1200.jpg?x-oss-process=image/resize,p_40,format,webp,format,webp"
TWINKLE TWINKLE,Twinkle Twinkle Create Your Taste Series Figures - A,"https://prod-america-res.popmart.com/default/20250623_100926_952470____1_twinkle-twinkle-create-your-taste-series-figures_blind-boxes_details_popmart-us_____1200x1200.jpg?x-oss-process=image/resize,p_40,format,webp,format,webp"
THE MONSTERS,THE MONSTERS Lazy Yoga Series Figures,"https://prod-america-res.popmart.com/default/20240801_111752_972104____the-monsters-lazy-yoga-series-figures-blind-boxes-pop-mart-us-1_____1200x1200.jpg?x-oss-process=image/resize,p_40,format,webp,format,webp"
THE MONSTERS,THE MONSTERS × One Piece Series Figures,"https://prod-america-res.popmart.com/default/20250320_140441_305459____1_the-monsters-one-piece-series-figures_blind-boxes_details_popmart-us_____1200x1200.jpg?x-oss-process=image/resize,p_40,format,webp,format,webp"
HIRONO,HIRONO Little Mischief Series,"https://prod-america-res.popmart.com/default/5_ZVFFZu7ckA_1200x1200.jpg?x-oss-process=image/resize,p_40,format,webp,format,webp"
HACIPUPU,HACIPUPU Snuggle With You Series Figures,"https://prod-america-res.popmart.com/default/20250102_115203_540680____1_hacipupu-snuggle-with-you-series-figures_blind-boxes_details_popmart-us_____1200x1200.jpg?x-oss-process=image/resize,p_40,format,webp,format,webp"
SKULLPANDA,SKULLPANDA The Warmth Series,"https://prod-america-res.popmart.com/default/20250326_175033_215839____1_skullpanda_the-warmth-series_blind-boxes_details_popmart-us_____1200x1200.jpg?x-oss-process=image/resize,p_40,format,webp,format,webp"
TELETUBBIES,Teletubbies Vibrancy Series Figures,"https://prod-america-res.popmart.com/default/20250307_144249_535005____1_teletubbies-vibrancy-series-figures_blind-boxes_details_popmart-us_____1200x1200.jpg?x-oss-process=image/resize,p_40,format,webp,format,webp"
POLAR,POLAR - HELLO POLAR Season 1 Series Figures,"https://prod-america-res.popmart.com/default/20240909_190104_827692____polar-hello-polar-season-1-series-figures_blind-boxes_details_1_____1200x1200.jpg?x-oss-process=image/resize,p_40,format,webp,format,webp"
HIRONO,HIRONO The Other One Series,"https://prod-america-res.popmart.com/default/20231102_173452_272268__1200x1200.jpg?x-oss-process=image/resize,p_40,format,webp,format,webp"
MOLLY,MOLLY × Zootopia Co-branded Series Figures,"https://prod-america-res.popmart.com/default/20251010_120350_095256____1_molly-zootopia-co-branded-series-figures_blind-boxes_details_pop-mart-us_____1200x1200.jpg?x-oss-process=image/resize,p_40,format,webp,format,webp"
STAR WARS,Star Wars Bobblehead Series Figures,"https://prod-america-res.popmart.com/default/20250721_112351_130751____1_star-wars-bobblehead-series-figures_blind-boxes-_details_popmart-us_____1200x1200.jpg?x-oss-process=image/resize,p_40,format,webp,format,webp"
CRYBABY,CRYBABY Crying Again Series Figures,"https://prod-america-res.popmart.com/default/20240920_112810_219286____crybaby-crying-again-series-figures-blind-boxes-pop-mart-us-1_____1200x1200.jpg?x-oss-process=image/resize,p_40,format,webp,format,webp"
HIRONO,Hirono × Le Petit Prince Series Figures,"https://prod-america-res.popmart.com/default/20241012_170523_285993____hirono-x-le-petit-prince-series-figures-blind-boxes-pop-mart-us-1_____1200x1200.jpg?x-oss-process=image/resize,p_40,format,webp,format,webp"
POP MART,Celebrating the Moment POP MART 15th Anniversary Series Figures,"https://prod-america-res.popmart.com/default/20251017_182556_548826____1_celebrating-the-moment-pop-mart-15th-anniversary-series-figures_blind-boxes_details_pop-mart-us_____1200x1200.jpg?x-oss-process=image/resize,p_40,format,webp,format,webp"
TWINKLE TWINKLE,We are Twinkle Twinkle Series Figures,"https://prod-america-res.popmart.com/default/20240808_145920_851057____we-are-twinkle-twinkle-series-figures-blind-boxes-pop-mart-us-1_____1200x1200.jpg?x-oss-process=image/resize,p_40,format,webp,format,webp"
THE MONSTERS,THE MONSTERS × Kow Yokoyama Ma.k. Series,"https://prod-america-res.popmart.com/default/02_L4FAbq3jeS_1200x1200.jpg?x-oss-process=image/resize,p_40,format,webp,format,webp"
HIRONO,Hirono Shelter Series Figures,"https://prod-america-res.popmart.com/default/20240711_142219_320135____hirono-shelter-series-figures-blind-boxes-pop-mart-us-1_____1200x1200.jpg?x-oss-process=image/resize,p_40,format,webp,format,webp"
HIRONO,Hirono Echo Series Figures,"https://prod-america-res.popmart.com/default/20250403_151942_945705____1_hirono-echo-series-figures_blind-boxes_details_popmart-us_____1200x1200.jpg?x-oss-process=image/resize,p_40,format,webp,format,webp"
DIMOO,DIMOO Shapes in Nature Series Figures,"https://prod-america-res.popmart.com/default/20250707_095042_466702____1_dimoo-shapes-in-nature-series-figures_blind-boxes_details_popmart-us_____1200x1200.jpg?x-oss-process=image/resize,p_40,format,webp,format,webp"
TWINKLE TWINKLE,Twinkle Twinkle Create Your Taste Series Figures - B,"https://prod-america-res.popmart.com/default/20250623_100253_723479____1_twinkle-twinkle-create-your-taste-series-figures_-blind-boxes-_details_popmart-us_____1200x1200.jpg?x-oss-process=image/resize,p_40,format,webp,format,webp"
POWERPUFF GIRLS,The Powerpuff Girls Party Surprise Series Figures,"https://prod-america-res.popmart.com/default/20251010_142332_095430____1_the-powerpuff-girls-party-surprise-series-figures_blind-boxes_details_pop-mart-us_____1200x1200.jpg?x-oss-process=image/resize,p_40,format,webp,format,webp"
GOLDEN SPATULA CHIBI,Fight For the Golden Spatula Chibi Series Figures II,"https://prod-america-res.popmart.com/default/20250923_105828_316318____1_fight-for-the-golden-spatula-chibi-series-figures-ii_blind-boxes_details_pop-mart-us_____1200x1200.jpg?x-oss-process=image/resize,p_40,format,webp,format,webp"
TWINKLE TWINKLE,Twinkle Twinkle The Gifts From Stars Series Figures,"https://prod-america-res.popmart.com/default/20241205_190000_815164____6_twinkle-twinkle-the-gifts-from-stars-series-figures_blind-boxes_details_popmart-us_____1200x1200.jpg?x-oss-process=image/resize,p_40,format,webp,format,webp"
DIMOO,DIMOO Jurassic World Series,"https://prod-america-res.popmart.com/default/20250704_181401_246169____1_dimoo-jurassic-world-series_blind-boxes_details_popmart-us_____1200x1200.jpg?x-oss-process=image/resize,p_40,format,webp,format,webp"
CRYBABY,CRYBABY × Powerpuff Girls Series Figures,"https://prod-america-res.popmart.com/default/20240304_102853_237431__1200x1200.jpg?x-oss-process=image/resize,p_40,format,webp,format,webp"
HIRONO,HIRONO Reshape Series Figures,"https://prod-america-res.popmart.com/default/20231222_173151_302747__1200x1200.jpg?x-oss-process=image/resize,p_40,format,webp,format,webp"
POP MART,Finding MOKOKO Series Figures,"https://prod-america-res.popmart.com/default/20241122_185235_819888____1_finding-mokoko-series-figures_blind-boxes_details_popmart-us_____1200x1200.jpg?x-oss-process=image/resize,p_40,format,webp,format,webp"
PUCKY,PUCKY Roly-Poly Kitty Series-Vinyl Plush Blind Box,"https://prod-america-res.popmart.com/default/20240905_155249_898802____pucky-roly-poly-kitty-series-vinyl-plush-blind-box_blind-boxes_popmart-us-_1_____1200x1200.jpg?x-oss-process=image/resize,p_40,format,webp,format,webp"
MARVEL,Marvel Across the Infinite Series Figures,"https://prod-america-res.popmart.com/default/20251205_172738_893066____1_marvel-across-the-infinite-series-figures_blind-boxes_details_pop-mart-us_____1200x1200.jpg?x-oss-process=image/resize,p_40,format,webp,format,webp"
TELETUBBIES COMPANION,Teletubbies Companion Series Figures,"https://prod-america-res.popmart.com/default/20240428_214153_025276__1200x1200.jpg?x-oss-process=image/resize,p_40,format,webp,format,webp"
POP MART,Gift For You Greeting Card Series Scene Sets,"https://prod-america-res.popmart.com/default/20250425_173458_108946____1_gift-for-you-greeting-card-series-scene-sets_blind-boxes_details_popmart-us_____1200x1200.jpg?x-oss-process=image/resize,p_40,format,webp,format,webp"
TWINKLE TWINKLE,Twinkle Twinkle Be a Little Star Series Figures,"https://prod-america-res.popmart.com/default/20250414_164355_108364____1_twinkle-twinkle-be-a-little-star-series-figures_blind-boxes_details_popmart-us_____1200x1200.jpg?x-oss-process=image/resize,p_40,format,webp,format,webp"
ZSIGA,Zsiga Take It Slow Series Figures,"https://prod-america-res.popmart.com/default/20250613_175410_657139____1_zsiga-take-it-slow-series-figures_blind-boxes_details_popmart-us_____1200x1200.jpg?x-oss-process=image/resize,p_40,format,webp,format,webp"
DISNEY,Disney Mickey Remixed: Mickey Meets Pixar Series Figures,"https://prod-america-res.popmart.com/default/20251017_175855_248185____1_disney-mickey-remixed-mickey-meets-pixar-series-figures_blind-boxes_details_pop-mart-us_____1200x1200.jpg?x-oss-process=image/resize,p_40,format,webp,format,webp"
DISNEY,Disney Princess's Fairy Tales Series Scene Sets,"https://prod-america-res.popmart.com/default/20250320_164242_705510____1_disney-princess-s-fairy-tales-series-scene-sets_blind-boxes_details_popmart-us_____1200x1200.jpg?x-oss-process=image/resize,p_40,format,webp,format,webp"
STAR WARS,Star Wars Series Figures,"https://prod-america-res.popmart.com/default/20240326_171308_664033__1200x1200.jpg?x-oss-process=image/resize,p_40,format,webp,format,webp"
DIMOO,DIMOO The Missing Day Series-Hand Towel Blind Box,"https://prod-america-res.popmart.com/default/20250912_164927_394321____1_dimoo-the-missing-day-series-hand-towel-blind-box_accessories_details_pop-mart-us_____1200x1200.jpg?x-oss-process=image/resize,p_40,format,webp,format,webp"
LEAGUE OF LEGENDS,League of Legends Classic Characters Series Figures,"https://prod-america-res.popmart.com/default/04_g1KO9Iozym_1200x1200.jpg?x-oss-process=image/resize,p_40,format,webp,format,webp"
SNOOPY,Peanuts 75th Anniversary | Snoopy Comic Life Series Figures,"https://prod-america-res.popmart.com/default/20250428_144616_474805____1_peanuts-75th-anniversary-snoopy-comic-life-series-figures_blind-boxes_details_popmart-us_____1200x1200.jpg?x-oss-process=image/resize,p_40,format,webp,format,webp"
THE MONSTERS,THE MONSTERS Party Series-Reversible Plush Toy Blind Box,"https://prod-america-res.popmart.com/default/20240718_104609_791785____the-monsters-party-series-reversible-plush-toy-blind-box-blind-boxes-pop-mart-us-2_____1200x1200.jpg?x-oss-process=image/resize,p_40,format,webp,format,webp"
SKULLPANDA,SKULLPANDA Image Of Reality Series Figures,"https://prod-america-res.popmart.com/default/20240208_184245_304687__1200x1200.jpg?x-oss-process=image/resize,p_40,format,webp,format,webp"
SWEET BEAN,Sweet Bean Celebrate Ordinary Days Series Scene Sets,"https://prod-america-res.popmart.com/default/20250912_165340_321281____1_sweet-bean-celebrate-ordinary-days-series-scene-sets_blind-boxes_details_pop-mart-us_____1200x1200.jpg?x-oss-process=image/resize,p_40,format,webp,format,webp"
THE MONSTERS,THE MONSTERS Playing Games Series Scene Sets,"https://prod-america-res.popmart.com/default/20240905_154925_451738____the-monsters-playing-games-series-scene-sets_blind-boxes_details_popmart-us-_1_____1200x1200.jpg?x-oss-process=image/resize,p_40,format,webp,format,webp"
NYOTA,Nyota Growing up by Your Way Series Figures,"https://prod-america-res.popmart.com/default/20241128_164056_293218____1_nyota-growing-up-by-your-way-series-figures_blind-boxes_details_popmart-us_____1200x1200.jpg?x-oss-process=image/resize,p_40,format,webp,format,webp"
MOLLY,MEGA SPACE MOLLY 400% Rainbow 2.0,"https://prod-america-res.popmart.com/default/20250613_175642_839857____1_mega-space-molly-400-rainbow-2-0_mega_details_popmart-us_____1200x1200.jpg?x-oss-process=image/resize,p_40,format,webp,format,webp"
MOLLY,Baby Molly My Huggable Discovery Series Figures,"https://prod-america-res.popmart.com/default/20250110_103028_641194____1_baby-molly-my-huggable-discovery-series-figures_blind-boxes_details_popmart-us_____1200x1200.jpg?x-oss-process=image/resize,p_40,format,webp,format,webp"
CRYBABY,CRYBABY Crying For Love Series Figures,"https://prod-america-res.popmart.com/default/20250115_111921_963207____1_crybaby-crying-for-love-series-figures_blind-boxes_details_popmart-us_____1200x1200.jpg?x-oss-process=image/resize,p_40,format,webp,format,webp"
DIMOO,DIMOO WORLD × DISNEY Series Figures,"https://prod-america-res.popmart.com/default/20250307_110340_184301____1_dimoo-world-disney-series-figures_blind-boxes_details_popmart-us_____1200x1200.jpg?x-oss-process=image/resize,p_40,format,webp,format,webp"
KUBO,KUBO City of Sunset Series Figures,"https://prod-america-res.popmart.com/default/20250801_175306_573390____1_kubo-city-of-sunset-series-figures_blind-boxes_details_pop-mart-us_____1200x1200.jpg?x-oss-process=image/resize,p_40,format,webp,format,webp"
MOLLY,Baby Molly & Baby Tabby Series Figures,"https://prod-america-res.popmart.com/default/20250516_152505_422987____1_baby-molly-baby-tabby-series-figures_blind-boxes_details_popmart-us_____1200x1200.jpg?x-oss-process=image/resize,p_40,format,webp,format,webp"
CRYBABY,CRYBABY Sad Club Series - Plush Flower Blind Box,"https://prod-america-res.popmart.com/default/20240328_143642_405346__1200x1200.jpg?x-oss-process=image/resize,p_40,format,webp,format,webp"
SNOOPY,Snoopy The Best Friends Series Figures,"https://prod-america-res.popmart.com/default/20240111_092547_909402__1200x1200.jpg?x-oss-process=image/resize,p_40,format,webp,format,webp"
POP MART,MEGA SPACE MOLLY 400% Hello Kitty and Friends Series,"https://prod-america-res.popmart.com/default/20250107_100902_777921____1_mega-space-molly-400-sanrio-characters-series_mega_details_popmart-us_____1200x1200.jpg?x-oss-process=image/resize,p_40,format,webp,format,webp"
MEGA,MEGA SPACE MOLLY 100% Series 3,"https://prod-america-res.popmart.com/default/20240724_172507_202337____mega-space-molly-100-series-3-mega-pop-mart-us-2_____1200x1200.jpg?x-oss-process=image/resize,p_40,format,webp,format,webp"
MOLLY,MEGA SPACE MOLLY 400% JON BURGERMAN SPACE CADETS Series,"https://prod-america-res.popmart.com/default/20250516_151943_640497____1_mega-space-molly-400-jon-burgerman-space-cadets-series_mega_details_popmart-us_____1200x1200.jpg?x-oss-process=image/resize,p_40,format,webp,format,webp"
WORLD OF WARCRAFT,World of Warcraft Collectible Character Series,"https://prod-america-res.popmart.com/default/06_h527V0qZjE_1200x1200.jpg?x-oss-process=image/resize,p_40,format,webp,format,webp"
PEACH RIOT,Peach Riot Punk Fairy Series Figures,"https://prod-america-res.popmart.com/default/20240419_151500_319894__1200x1200.jpg?x-oss-process=image/resize,p_40,format,webp,format,webp"
BARBIE,Barbie Style Icon Series Figures,"https://prod-america-res.popmart.com/default/20250227_104627_544510____1_barbie-style-icon-series-figures_blind-boxes_details_popmart-us_____1200x1200.jpg?x-oss-process=image/resize,p_40,format,webp,format,webp"
DIMOO,DIMOO Animal Kingdom Series Figures,"https://prod-america-res.popmart.com/default/20240319_163003_205755__1200x1200.jpg?x-oss-process=image/resize,p_40,format,webp,format,webp"
PEACH RIOT,Peach Riot Rush Hour Series Figures,"https://prod-america-res.popmart.com/default/20250213_092255_274037____1_peach-riot-rush-hour-series-figures_blind-boxes_details_popmart-us_____1200x1200.jpg?x-oss-process=image/resize,p_40,format,webp,format,webp"
DUCKOO,DUCKOO FARM Series Figures,"https://prod-america-res.popmart.com/default/20231026_173144_665910__1200x1200.jpg?x-oss-process=image/resize,p_40,format,webp,format,webp"
MOLLY,MOLLY Carb-Lover Series Figures,"https://prod-america-res.popmart.com/default/20241011_145442_452353____molly-carb-lover-series-figures-blind-boxes-pop-mart-us-1_____1200x1200.jpg?x-oss-process=image/resize,p_40,format,webp,format,webp"
PEACH RIOT,Peach Riot Rise Up Series Figures,"https://prod-america-res.popmart.com/default/20231212_141332_046821__1200x1200.jpg?x-oss-process=image/resize,p_40,format,webp,format,webp"
POP MART,Hand in Hand Series Figures,"https://prod-america-res.popmart.com/default/20250509_151727_412243____1_hand-in-hand-series-figures_blind-boxes_details_popmart-us_____1200x1200.jpg?x-oss-process=image/resize,p_40,format,webp,format,webp"
SKULLPANDA,SKULLPANDA The Sound Series Figures,"https://prod-america-res.popmart.com/default/20240619_183041_658908____skullpanda-the-sound-series-figures-blind-boxes-pop-mart-us-6_____1200x1200.jpg?x-oss-process=image/resize,p_40,format,webp,format,webp"
DISNEY,Disney Zootopia Series Figures,"https://prod-america-res.popmart.com/default/20240905_154530_252365____disney-zootopia-series-figures-blind-boxes-pop-mart-us-1_____1200x1200.jpg?x-oss-process=image/resize,p_40,format,webp,format,webp"
ZSIGA,Zsiga We All Are Kids Series Figures,"https://prod-america-res.popmart.com/default/20240912_104121_542273____zsiga-we-all-are-kids-series-figures_blind-boxes_details_popmart-us-_1_____1200x1200.jpg?x-oss-process=image/resize,p_40,format,webp,format,webp"
POP MART,Hello Kitty and Friends Fall Asleep Series Figures,"https://prod-america-res.popmart.com/default/20250106_183259_432660____1_hello-kitty-and-friends-fall-asleep-series-figuress_blind-boxes_details_popmart-us_____1200x1200.jpg?x-oss-process=image/resize,p_40,format,webp,format,webp"
SKULLPANDA,SKULLPANDA The Paradox Series Figures,"https://prod-america-res.popmart.com/default/20250620_181021_508566____1_skullpanda-the-paradox-series-figures_blind-boxes_details_popmart-us_____1200x1200.jpg?x-oss-process=image/resize,p_40,format,webp,format,webp"
SKULLPANDA,SKULLPANDA The Ink Plum Blossom Series Figures,"https://prod-america-res.popmart.com/default/20231030_173333_009457__1200x1200.jpg?x-oss-process=image/resize,p_40,format,webp,format,webp"
SKULLPANDA,SKULLPANDA The Mirage Series Figures,"https://prod-america-res.popmart.com/default/20250804_152152_155377____8_skullpanda-the-mirage-series-figures_blind-boxes_details_popmart-us_____1200x1200.jpg?x-oss-process=image/resize,p_40,format,webp,format,webp"
HACIPUPU,HACIPUPU Rolling Time Machine Series Figures,"https://prod-america-res.popmart.com/default/20250523_175623_794413____1_hacipupu-rolling-time-machine-series-figures_blind-boxes_details_popmart-us_____1200x1200.jpg?x-oss-process=image/resize,p_40,format,webp,format,webp"
MINIONS,Minions Bedtime Stories by Bob and Tim Series Figures,"https://prod-america-res.popmart.com/default/20250613_173345_189181____1_minions-bedtime-stories-by-bob-and-tim-series-figures_blind-boxes_details_popmart-us_____1200x1200.jpg?x-oss-process=image/resize,p_40,format,webp,format,webp"
DISNEY,Disney/Pixar Alien-Immersive Experience Series Figures,"https://prod-america-res.popmart.com/default/20240705_104537_768342____disneypixar-alien-immersive-experience-series-figures-blind-boxes-pop-mart-us-1_____1200x1200.jpg?x-oss-process=image/resize,p_40,format,webp,format,webp"
SWEET BEAN,Sweet Bean The Language of Love Series Figures,"https://prod-america-res.popmart.com/default/20250509_152146_829331____1_sweet-bean-the-language-of-love-series-figures_blind-boxes_details_popmart-us_____1200x1200.jpg?x-oss-process=image/resize,p_40,format,webp,format,webp"
DISNEY,Disney Mickey Childhood of Boundless Imagination Series Figures,"https://prod-america-res.popmart.com/default/20241223_151214_996445____1_disney-mickey-childhood-of-boundless_blind-boxes_details_popmart-us_____1200x1200.jpg?x-oss-process=image/resize,p_40,format,webp,format,webp"
MARVEL,Marvel Spider-Man Across the Spider-Verse Series Figures,"https://prod-america-res.popmart.com/default/20250206_154322_011009____1_marvel-spider-man-across-the-spider-verse-series-figures_blind-boxes_details_popmart-us_____1200x1200.jpg?x-oss-process=image/resize,p_40,format,webp,format,webp"
GOLDEN SPATULA CHIBI,Fight For the Golden Spatula Chibi Series Figures,"https://prod-america-res.popmart.com/default/20241122_181856_731099____fight-for-the-golden-spatula-chibi-series-figures-blind-boxes-pop-mart-us-1_____1200x1200.jpg?x-oss-process=image/resize,p_40,format,webp,format,webp"
GENSHIN,Genshin Impact Dress-Up Dreams Themed Chibi Series Figures,"https://prod-america-res.popmart.com/default/20240816_180148_326572____genshin-impact-dress-up-dreams-themed-chibi-series-figures_details_1_____1200x1200.jpg?x-oss-process=image/resize,p_40,format,webp,format,webp"
ZOOTOPIA,Zootopia Highlight Moment Series Scene Sets,"https://prod-america-res.popmart.com/default/20241127_091803_438249____1_zootopia-highlight-moment-series-scene-sets_blind-boxes_details_popmart-us_____1200x1200.jpg?x-oss-process=image/resize,p_40,format,webp,format,webp"
DISNEY,Pixar Alien Party Games Series Scene Sets,"https://prod-america-res.popmart.com/default/20240326_175836_557053__1200x1200.jpg?x-oss-process=image/resize,p_40,format,webp,format,webp"
HACIPUPU,HACIPUPU-Rolling Time Machine Series-Card Holder Blind Box,"https://prod-america-res.popmart.com/default/20250526_175654_188722____1_hacipupu-rolling-time-machine-series-card-holder-blind-box_accessories_details_popmart-us_____1200x1200.jpg?x-oss-process=image/resize,p_40,format,webp,format,webp"
LEAGUE OF LEGENDS,League of Legends: Arcane Series Figures,"https://prod-america-res.popmart.com/default/20250418_172358_664925____1_league-of-legends-arcane-series-figures_blind-boxes_details_popmart-us_____1200x1200.jpg?x-oss-process=image/resize,p_40,format,webp,format,webp"
INSTINCTOY,INSTINCTOY Muckey Celebration gift Series Figures,"https://prod-america-res.popmart.com/default/20250523_163327_513267____1_instinctoy-muckey-celebration-gift-series-figures_blind-boxes_details_popmart-us_____1200x1200.jpg?x-oss-process=image/resize,p_40,format,webp,format,webp"
INSTINCTOY,INSTINCTOY HUG YOU SERIES-Bracelet Blind Box,"https://prod-america-res.popmart.com/default/20250429_144042_994155____1_instinctoy-hug-you-series-bracelet-blind-box_accessories_details_popmart-us_____1200x1200.jpg?x-oss-process=image/resize,p_40,format,webp,format,webp"
THE MONSTERS,THE MONSTERS-CHEERS ! SERIES-Double-walled Glass Blind Box,"https://prod-america-res.popmart.com/default/20240516_191748_791791____1_____1200x1200.jpg?x-oss-process=image/resize,p_40,format,webp,format,webp"
POP MART,The Wonderful Time With Hello Kitty and Friends,"https://prod-america-res.popmart.com/default/20250106_183806_153735____1_the-wonderful-time-with-sanrio-characters-series-scene-sets_blind-boxes_details_popmart-us_____1200x1200.jpg?x-oss-process=image/resize,p_40,format,webp,format,webp"
MOLLY,MOLLY Anniversary Statues Classical Retro Series Figures,"https://prod-america-res.popmart.com/default/20230926_154633_786227__1200x1200.jpg?x-oss-process=image/resize,p_40,format,webp,format,webp"
POP MART,Cardcaptor Sakura: Clear Card Series Figures,"https://prod-america-res.popmart.com/default/20250625_175442_911413____1_cardcaptor-sakura-clear-card-series-figures_blind-boxes_details_popmart-us_____1200x1200.jpg?x-oss-process=image/resize,p_40,format,webp,format,webp"
HIRONO,Hirono Monsters' Carnival Series Figures-Scene Prop,"https://prod-america-res.popmart.com/default/20251020_152324_673144____1_hirono-monsters-carnival-series-figures-scene-prop_figurine_details_pop-mart-us_____1200x1200.jpg?x-oss-process=image/resize,p_40,format,webp,format,webp"
MOLLY,Baby Molly When I was Three！Series Figures,"https://prod-america-res.popmart.com/default/20240419_172611_026673__1200x1200.jpg?x-oss-process=image/resize,p_40,format,webp,format,webp"
DUCKOO,DUCKOO Music Festival Series,"https://prod-america-res.popmart.com/default/20250627_180104_696229____1_duckoo-music-festival-series_blind-boxes_details_popmart-us_____1200x1200.jpg?x-oss-process=image/resize,p_40,format,webp,format,webp"
TOM & JERRY,Tom & Jerry: Forbidden Compass Series Figures,"https://prod-america-res.popmart.com/default/20250711_174441_828773____1_tom-jerry-forbidden-compass-series-figures_blind-boxes_details_popmart-us_____1200x1200.jpg?x-oss-process=image/resize,p_40,format,webp,format,webp"
PEACH RIOT,Lil Peach Riot：Loading! Series Figures,"https://prod-america-res.popmart.com/default/20241025_110128_880961____lil-peach-riot_-loading-series-figures-blind-boxes-pop-mart-us-2_____1200x1200.jpg?x-oss-process=image/resize,p_40,format,webp,format,webp"
HIRONO,HIRONO Mime Series Figures,"https://prod-america-res.popmart.com/default/20250722_141750_239756____1_hirono-mime-series-figures_blind-boxes_details_pop-mart-us_____1200x1200.jpg?x-oss-process=image/resize,p_40,format,webp,format,webp"
DISNEY,The Wonderful Dreams of Mickey and His Friends Series Scene Sets,"https://prod-america-res.popmart.com/default/20241122_174657_979806____1_the-wonderful-dreams-of-mickey-and-his-friends-series-scene-set_blind-boxes_details_popmart-us_____1200x1200.jpg?x-oss-process=image/resize,p_40,format,webp,format,webp"
LEAGUE OF LEGENDS,League of Legends K/DA ALL OUT Series Figures,"https://prod-america-res.popmart.com/default/20241018_115324_378370____league-of-legends-k_da-all-out-series-figures-blind-boxes-pop-mart-us-1_____1200x1200.jpg?x-oss-process=image/resize,p_40,format,webp,format,webp"
MOLLY,MEGA SPACE MOLLY 100% Series 2-B,"https://prod-america-res.popmart.com/default/01_eeJ1anRU4a_1200x1200.jpg?x-oss-process=image/resize,p_40,format,webp,format,webp"
KUBO,KUBO Breathing In Series Figures,"https://prod-america-res.popmart.com/default/20240711_143217_864085____kubo-breathing-in-series-figures-blind-boxes-pop-mart-us-9_____1200x1200.jpg?x-oss-process=image/resize,p_40,format,webp,format,webp"
DISNEY,Disney/Pixar POP CUBE-2 Series Figures,"https://prod-america-res.popmart.com/default/20240808_144615_004556____disneypixar-pop-cube-2-series-figures-blind-boxes-pop-mart-us-1_____1200x1200.jpg?x-oss-process=image/resize,p_40,format,webp,format,webp"
DISNEY,Disney/Pixar POP CUBE-3 Series Figures,"https://prod-america-res.popmart.com/default/20240808_144748_319672____disneypixar-pop-cube-3-series-figures-blind-boxes-pop-mart-us-1_____1200x1200.jpg?x-oss-process=image/resize,p_40,format,webp,format,webp"
DISNEY,Disney/Pixar POP CUBE-1 Series Figures,"https://prod-america-res.popmart.com/default/20240808_145031_729687____disneypixar-pop-cube-1-series-figures-blind-boxes-pop-mart-us-1_____1200x1200.jpg?x-oss-process=image/resize,p_40,format,webp,format,webp"
DISNEY,Disney/Pixar Spooky Night Series Figures,"https://prod-america-res.popmart.com/default/20250730_182730_234579____disneypixar-spooky-night-series-figures-blind-boxes-pop-mart-us-12_____1200x1200.jpg?x-oss-process=image/resize,p_40,format,webp,format,webp"
FANTASTIC BEASTS,Fantastic Beasts Series Figures,"https://prod-america-res.popmart.com/default/20240731_171923_197956____fantastic-beasts-series-figures-blind-boxes-pop-mart-us-1_____1200x1200.jpg?x-oss-process=image/resize,p_40,format,webp,format,webp"
SWEET BEAN,Sweet Bean I Want a Hug Series Figures,"https://prod-america-res.popmart.com/default/20250122_115518_693356____1_sweet-bean-i-want-a-hug-series-figures_blind-boxes_details_popmart-us_____1200x1200.jpg?x-oss-process=image/resize,p_40,format,webp,format,webp"
CONAN,Case Closed Carnival Series Figures,"https://prod-america-res.popmart.com/default/20240227_175012_005614__1200x1200.jpg?x-oss-process=image/resize,p_40,format,webp,format,webp"
MOLLY,MOLLY Anniversary Statues Classical Retro 2 Series Figures,"https://prod-america-res.popmart.com/default/20240627_114856_438399____molly-anniversary-statues-classical-retro-2-series-figures-blind-boxes-pop-mart-us-1_____1200x1200.jpg?x-oss-process=image/resize,p_40,format,webp,format,webp"
TELETUBBIES,Teletubbies Fantasy Candy World Series,"https://prod-america-res.popmart.com/default/02_P6ssBUu8yI_1200x1200.jpg?x-oss-process=image/resize,p_40,format,webp,format,webp"
NARUTO,NARUTO Ninkai Taisen Series Figures,"https://prod-america-res.popmart.com/default/20241119_173530_502506____naruto-ninkai-taisen-series-blind-boxes-pop-mart-us-1_____1200x1200.jpg?x-oss-process=image/resize,p_40,format,webp,format,webp"
DISNEY,Disney Stitch Little Emotions Series Figures,"https://prod-america-res.popmart.com/default/20250425_173236_651203____1_disney-stitch-little-emotions-series-figures_blind-boxes_details_popmart-us_____1200x1200.jpg?x-oss-process=image/resize,p_40,format,webp,format,webp"
DISNEY,Disney Classic Fairy Tales Series,"https://prod-america-res.popmart.com/default/20241112_181022_555166____1_disney-classic-fairy-tales-series_blind-boxes_details_popmart-us-8_____1200x1200.jpg?x-oss-process=image/resize,p_40,format,webp,format,webp"
CRYBABY,"CRYBABY CHEER UP, BABY! SERIES-Bracelet Blind Box","https://prod-america-res.popmart.com/default/20240428_203859_678133__1200x1200.jpg?x-oss-process=image/resize,p_40,format,webp,format,webp"
SPONGEBOB,SpongeBob Best Friends Series Figures,"https://prod-america-res.popmart.com/default/20250403_160722_415261____1_spongebob-best-friends-series-figures_blind-boxes_details_popmart-us_____1200x1200.jpg?x-oss-process=image/resize,p_40,format,webp,format,webp"
KUBO,KUBO Angel's Poem Series Figures,"https://prod-america-res.popmart.com/default/20251128_154909_535818____1_kubo-angel-s-poem-series-figures_blind-boxes_details_pop-mart-us_____1200x1200.jpg?x-oss-process=image/resize,p_40,format,webp,format,webp"
CARE BEARS,Care Bears Colorful Hugs Series Figures,"https://prod-america-res.popmart.com/default/20250530_162527_292708____1_care-bears-colorful-hugs-series-figures_blind-boxes_details_popmart-us_____1200x1200.jpg?x-oss-process=image/resize,p_40,format,webp,format,webp"
CHAKA,CHAKA Luminous Reverie Series Figures,"https://prod-america-res.popmart.com/default/20251212_180150_451495____1_chaka-luminous-reverie-series-figures_blind-boxes_details_pop-mart-us_____1200x1200.jpg?x-oss-process=image/resize,p_40,format,webp,format,webp"
EVANGELION,Evangelion Super Mini Figure,"https://prod-america-res.popmart.com/default/20251024_173220_129689____list_pic_____800x800.png?x-oss-process=image/resize,p_40,format,webp,format,webp"
HEARTHSTONE LEGENDS,Hearthstone Legends in Tavern Series Figures,"https://prod-america-res.popmart.com/default/20251205_172351_575446____list_pic_____800x800.png?x-oss-process=image/resize,p_40,format,webp,format,webp"
SKULLPANDA,SKULLPANDA The Feast Begins Series Figures,"https://prod-america-res.popmart.com/default/20251024_184808_193181____list_pic_____800x800.png?x-oss-process=image/resize,p_40,format,webp,format,webp"
SWEET BEAN,Sweet Bean Your Exclusive Holiday Series Figures,"https://prod-america-res.popmart.com/default/20251031_170120_116637____list_pic_____800x800.png?x-oss-process=image/resize,p_40,format,webp,format,webp"
NARUTO,Naruto: Shippuden Series Battle Against Akatsuki Themed Figure,"https://prod-america-res.popmart.com/default/20251031_174443_536687____list_pic_____800x800.png?x-oss-process=image/resize,p_40,format,webp,format,webp"
PEACH RIOT,Lil Peach Riot Holiday Mixtape Series Figures,"https://prod-america-res.popmart.com/default/20251031_174332_918949____list_pic_____800x800.png?x-oss-process=image/resize,p_40,format,webp,format,webp"
ZSIGA,Zsiga The Winter of Gifts Series Figures,"https://prod-america-res.popmart.com/default/20251107_153805_176574____list_pic_____800x800.png?x-oss-process=image/resize,p_40,format,webp,format,webp"
POLAR,Polar-Season 2 <Hidden Forest Path> Series Figures,"https://prod-america-res.popmart.com/default/20251107_153926_942817____list_pic_____800x800.png?x-oss-process=image/resize,p_40,format,webp,format,webp"
POP MART,Apple of My Eye Series Figures,"https://prod-america-res.popmart.com/default/20251114_173622_375086____list_pic_____800x800.png?x-oss-process=image/resize,p_40,format,webp,format,webp"
POP MART,Apple of My Eye Series Figures,"https://prod-america-res.popmart.com/default/20251114_172057_374530____1_apple-of-my-eye-series-figures_blind-boxes_details_pop-mart-us_____1200x1200.jpg?x-oss-process=image/resize,p_40,format,webp,format,webp"
HACIPUPU,HACIPUPU Whispers of My World Series Figures,"https://prod-america-res.popmart.com/default/20251114_174838_484666____list_pic_____800x800.png?x-oss-process=image/resize,p_40,format,webp,format,webp"
INOSOUL,inosoul The Forgotten Land Series Figures,"https://prod-america-res.popmart.com/default/20251121_172619_930055____list_pic_____800x800.png?x-oss-process=image/resize,p_40,format,webp,format,webp"
1001MOONS,1001MOONS Where’s the Elephant Slide Series Figures,"https://prod-america-res.popmart.com/default/20251121_172732_249992____list_pic_____800x800.png?x-oss-process=image/resize,p_40,format,webp,format,webp"
DIMOO,DIMOO Memories We Hold Series Figures,"https://prod-america-res.popmart.com/default/20251219_165644_797783____1_dimoo-memories-we-hold-series-figures_blind-boxes-_details_pop-mart-us_____1200x1200.jpg?x-oss-process=image/resize,p_40,format,webp,format,webp"
CHAKA,CHAKA Luminous Reverie Series Figures,"https://prod-america-res.popmart.com/default/20251212_171805_012134____list_pic_____800x800.png?x-oss-process=image/resize,p_40,format,webp,format,webp"
NYOTA,Nyota We are All Stars Series Figures,"https://prod-america-res.popmart.com/default/20251205_173419_282920____list_pic_____800x800.png?x-oss-process=image/resize,p_40,format,webp,format,webp"
PUCKY,PUCKY Fairies' Market Series Figures,"https://prod-america-res.popmart.com/default/20251128_184637_429873____list_pic_____800x800.png?x-oss-process=image/resize,p_40,format,webp,format,webp"
CRYBABY,CRYBABY CRYING TO THE MOON-SITTING SERIES FIGURES,"https://prod-america-res.popmart.com/default/20251128_182817_818447____list_pic_____800x800.png?x-oss-process=image/resize,p_40,format,webp,format,webp"
MARVEL,Marvel Across the Infinite Series Figures,"https://prod-america-res.popmart.com/default/20251205_173216_635064____list_pic_____800x800.png?x-oss-process=image/resize,p_40,format,webp,format,webp"
THE MONSTERS,THE MONSTERS 1:00 A.M. Series Figures,"https://prod-america-res.popmart.com/default/20251107_154020_989730____list_pic_____800x800.png?x-oss-process=image/resize,p_40,format,webp,format,webp"
DIMOO,DIMOO The Missing Day Series Figures,"https://prod-america-res.popmart.com/default/20250912_170222_100752____list_pic_____800x800.png?x-oss-process=image/resize,p_40,format,webp,format,webp"
NYOTA,Nyota I Am the Seasons Series Figures,"https://prod-america-res.popmart.com/default/20250718_174431_382417____list_pic_____800x800.png?x-oss-process=image/resize,p_40,format,webp,format,webp"
POP MART,Gift For You Greeting Card Series Scene Sets,"https://prod-america-res.popmart.com/default/20250425_181032_655084____list_pic_____800x800.png?x-oss-process=image/resize,p_40,format,webp,format,webp"
HAIKYU,Haikyu!! The Dumpster Battle Series Figures,"https://prod-america-res.popmart.com/default/20250919_164032_854293____list_pic_____800x800.png?x-oss-process=image/resize,p_40,format,webp,format,webp"
ZOOTOPIA,Disney Zootopia: Next Adventure Series Figures,"https://prod-america-res.popmart.com/default/20250912_170719_913791____list_pic_____800x800.png?x-oss-process=image/resize,p_40,format,webp,format,webp"
TWINKLE TWINKLE,Twinkle Twinkle Be a Little Star Series Figures,"https://prod-america-res.popmart.com/default/20250416_161352_483365____list_pic_____800x800.png?x-oss-process=image/resize,p_40,format,webp,format,webp"
ZSIGA,Zsiga Take It Slow Series Figures,"https://prod-america-res.popmart.com/default/20250613_171927_528766____list_pic_____800x800.png?x-oss-process=image/resize,p_40,format,webp,format,webp"
DISNEY,Disney Princess's Fairy Tales Series Scene Sets,"https://prod-america-res.popmart.com/default/20250324_103022_203346____list_pic_____800x800.png?x-oss-process=image/resize,p_40,format,webp,format,webp"
TWINKLE TWINKLE,Twinkle Twinkle Create Your Taste Series Figures - A,"https://prod-america-res.popmart.com/default/20250623_103722_035926____list_pic_____800x800.png?x-oss-process=image/resize,p_40,format,webp,format,webp"
DIMOO,DIMOO The Missing Day Series-Hand Towel Blind Box,"https://prod-america-res.popmart.com/default/20250912_144743_224754____list_pic_____800x800.png?x-oss-process=image/resize,p_40,format,webp,format,webp"
LEAGUE OF LEGENDS,League of Legends Classic Characters Series Figures,"https://prod-america-res.popmart.com/default/20250926_143549_856796____list_pic_____800x800.png?x-oss-process=image/resize,p_40,format,webp,format,webp"
SNOOPY,Peanuts 75th Anniversary | Snoopy Comic Life Series Figures,"https://prod-america-res.popmart.com/default/20250430_114435_194604____list_pic_____800x800.png?x-oss-process=image/resize,p_40,format,webp,format,webp"
DISNEY,Disney Princess Create Your World Series Figures,"https://prod-america-res.popmart.com/default/20250801_164448_809941____list_pic_____800x800.png?x-oss-process=image/resize,p_40,format,webp,format,webp"
DISNEY,Disney Princess Create Your World Series Figures,"https://prod-america-res.popmart.com/default/20250801_154423_718523____1_disney-princess-create-your-world-series-figures_blind-boxes_details_pop-mart-us_____1200x1200.jpg?x-oss-process=image/resize,p_40,format,webp,format,webp"
POP BEAN,POP BEAN Coffee Factory Series-Decoration Charm,"https://prod-america-res.popmart.com/default/20250912_153344_994311____1_pop-bean-coffee-factory-series-decoration-charm_accessories_details_pop-mart-us_____1200x1200.jpg?x-oss-process=image/resize,p_40,format,webp,format,webp"
POP BEAN,POP BEAN Coffee Factory Series-Decoration Charm,"https://prod-america-res.popmart.com/default/20250912_142833_825692____list_pic_____800x800.png?x-oss-process=image/resize,p_40,format,webp,format,webp"
HIRONO,Hirono Monsters' Carnival Series Figures,"https://prod-america-res.popmart.com/default/20251010_102347_751874____list_pic_____800x800.png?x-oss-process=image/resize,p_40,format,webp,format,webp"
CRYBABY,CRYBABY CRYING TO THE MOON SERIES FIGURES,"https://prod-america-res.popmart.com/default/20251128_183953_632749____list_pic_____800x800.png?x-oss-process=image/resize,p_40,format,webp,format,webp"
SKULLPANDA,SKULLPANDA Image Of Reality Series Figures,"https://prod-america-res.popmart.com/default/20240801_164753_213004____sp_____800x800.jpg?x-oss-process=image/resize,p_40,format,webp,format,webp"
SWEET BEAN,Sweet Bean Celebrate Ordinary Days Series Scene Sets,"https://prod-america-res.popmart.com/default/20250912_171108_596853____list_pic_____800x800.png?x-oss-process=image/resize,p_40,format,webp,format,webp"
THE MONSTERS,THE MONSTERS Lazy Yoga Series Figures,"https://prod-america-res.popmart.com/default/20240802_162812_662934____list_pic1_____800x800.png?x-oss-process=image/resize,p_40,format,webp,format,webp"
THE MONSTERS,THE MONSTERS × One Piece Series Figures,"https://prod-america-res.popmart.com/default/20250324_104933_871076____list_pic_____800x800.png?x-oss-process=image/resize,p_40,format,webp,format,webp"
TWINKLE TWINKLE,Twinkle Twinkle Savor the Moment Series Figures,"https://prod-america-res.popmart.com/default/20250925_102853_616668____list_pic_____800x800.png?x-oss-process=image/resize,p_40,format,webp,format,webp"
ZSIGA,Zsiga × Care Bears Series Figures,"https://prod-america-res.popmart.com/default/20250919_182020_867733____list_pic_____800x800.png?x-oss-process=image/resize,p_40,format,webp,format,webp"
POP MART,Demon Slayer: Kimetsu no Yaiba Birth Flower Series Figures,"https://prod-america-res.popmart.com/default/20250429_111124_986288____list_pic_____800x800.png?x-oss-process=image/resize,p_40,format,webp,format,webp"
HIRONO,HIRONO Little Mischief Series,"https://prod-america-res.popmart.com/default/20250808_140835_024305____list_pic_____800x800.png?x-oss-process=image/resize,p_40,format,webp,format,webp"
HACIPUPU,HACIPUPU Snuggle With You Series Figures,"https://prod-america-res.popmart.com/default/20250106_102147_522158____list_pic_____800x800.png?x-oss-process=image/resize,p_40,format,webp,format,webp"
SKULLPANDA,SKULLPANDA The Warmth Series,"https://prod-america-res.popmart.com/default/20240801_165336_165285____sp_____800x800.jpg?x-oss-process=image/resize,p_40,format,webp,format,webp"
TELETUBBIES,Teletubbies Vibrancy Series Figures,"https://prod-america-res.popmart.com/default/20250312_115933_849659____list_pic_____800x800.png?x-oss-process=image/resize,p_40,format,webp,format,webp"
POLAR,POLAR - HELLO POLAR Season 1 Series Figures,"https://prod-america-res.popmart.com/default/20240910_112113_511015____list_pic_____800x800.png?x-oss-process=image/resize,p_40,format,webp,format,webp"
HIRONO,HIRONO The Other One Series,"https://prod-america-res.popmart.com/default/20241119_160728_408948____list_pic_____800x800.png?x-oss-process=image/resize,p_40,format,webp,format,webp"
MOLLY,MOLLY × Zootopia Co-branded Series Figures,"https://prod-america-res.popmart.com/default/20251010_102510_962082____list_pic_____800x800.png?x-oss-process=image/resize,p_40,format,webp,format,webp"
TINYTINY,TINYTINY-PROLOGUE SERIES FIGURES,"https://prod-america-res.popmart.com/default/20250207_180620_455996____list_pic_____800x800.png?x-oss-process=image/resize,p_40,format,webp,format,webp"
STAR WARS,Star Wars Bobblehead Series Figures,"https://prod-america-res.popmart.com/default/20250718_174602_994437____list_pic_____800x800.png?x-oss-process=image/resize,p_40,format,webp,format,webp"
CRYBABY,CRYBABY Crying Again Series Figures,"https://prod-america-res.popmart.com/default/20240924_114952_173653____list_pic_____800x800.png?x-oss-process=image/resize,p_40,format,webp,format,webp"
HIRONO,Hirono × Le Petit Prince Series Figures,"https://prod-america-res.popmart.com/default/20241018_182046_333623____list_pic_____800x800.png?x-oss-process=image/resize,p_40,format,webp,format,webp"
POP MART,Celebrating the Moment POP MART 15th Anniversary Series Figures,"https://prod-america-res.popmart.com/default/20251017_174014_586952____list_pic_____800x800.png?x-oss-process=image/resize,p_40,format,webp,format,webp"
TWINKLE TWINKLE,We are Twinkle Twinkle Series Figures,"https://prod-america-res.popmart.com/default/20240816_102557_250294____list_pic_____800x800.png?x-oss-process=image/resize,p_40,format,webp,format,webp"
THE MONSTERS,THE MONSTERS × Kow Yokoyama Ma.k. Series,"https://prod-america-res.popmart.com/default/20240905_112133_178408____list_pic_____800x800.png?x-oss-process=image/resize,p_40,format,webp,format,webp"
THE MONSTERS,THE MONSTERS Playing Games Series Scene Sets,"https://prod-america-res.popmart.com/default/20240912_110949_830046____list_pic_____800x800.png?x-oss-process=image/resize,p_40,format,webp,format,webp"
HIRONO,Hirono Shelter Series Figures,"https://prod-america-res.popmart.com/default/20240801_184333_813985____hirono_____800x800.jpg?x-oss-process=image/resize,p_40,format,webp,format,webp"
HIRONO,Hirono Echo Series Figures,"https://prod-america-res.popmart.com/default/20250403_163214_888826____list_pic_____800x800.png?x-oss-process=image/resize,p_40,format,webp,format,webp"
DIMOO,DIMOO Shapes in Nature Series Figures,"https://prod-america-res.popmart.com/default/20250707_183211_271383____list_pic_____800x800.png?x-oss-process=image/resize,p_40,format,webp,format,webp"
TWINKLE TWINKLE,Twinkle Twinkle Create Your Taste Series Figures - B,"https://prod-america-res.popmart.com/default/20250623_104308_997907____list_pic_____800x800.png?x-oss-process=image/resize,p_40,format,webp,format,webp"
POWERPUFF GIRLS,The Powerpuff Girls Party Surprise Series Figures,"https://prod-america-res.popmart.com/default/20251010_102602_505492____list_pic_____800x800.png?x-oss-process=image/resize,p_40,format,webp,format,webp"
GOLDEN SPATULA CHIBI,Fight For the Golden Spatula Chibi Series Figures II,"https://prod-america-res.popmart.com/default/20250923_155653_927547____list_pic_____800x800.png?x-oss-process=image/resize,p_40,format,webp,format,webp"
TWINKLE TWINKLE,Twinkle Twinkle The Gifts From Stars Series Figures,"https://prod-america-res.popmart.com/default/20241206_115831_022872____list_pic_____800x800.png?x-oss-process=image/resize,p_40,format,webp,format,webp"
DIMOO,DIMOO Jurassic World Series,"https://prod-america-res.popmart.com/default/20250707_112101_989065____list_pic_____800x800.png?x-oss-process=image/resize,p_40,format,webp,format,webp"
CRYBABY,CRYBABY × Powerpuff Girls Series Figures,"https://prod-america-res.popmart.com/default/20240905_111118_215640____list_pic_____800x800.png?x-oss-process=image/resize,p_40,format,webp,format,webp"
HIRONO,HIRONO Reshape Series Figures,"https://prod-america-res.popmart.com/default/20240801_163658_069357____hirono_____800x800.jpg?x-oss-process=image/resize,p_40,format,webp,format,webp"
POP MART,Finding MOKOKO Series Figures,"https://prod-america-res.popmart.com/default/20241125_155039_212091____list_pic_____800x800.png?x-oss-process=image/resize,p_40,format,webp,format,webp"
PUCKY,PUCKY Roly-Poly Kitty Series-Vinyl Plush Blind Box,"https://prod-america-res.popmart.com/default/20240912_160018_860779____list_pic_____800x800.png?x-oss-process=image/resize,p_40,format,webp,format,webp"
NYOTA,Nyota Growing up by Your Way Series Figures,"https://prod-america-res.popmart.com/default/20241129_164411_804663____list_pic_____800x800.png?x-oss-process=image/resize,p_40,format,webp,format,webp"
MOLLY,Baby Molly My Huggable Discovery Series Figures,"https://prod-america-res.popmart.com/default/20250110_104705_003571____list_pic_____800x800.png?x-oss-process=image/resize,p_40,format,webp,format,webp"
CRYBABY,CRYBABY Crying For Love Series Figures,"https://prod-america-res.popmart.com/default/20250120_155835_714298____list_pic_____800x800.png?x-oss-process=image/resize,p_40,format,webp,format,webp"
DIMOO,DIMOO WORLD × DISNEY Series Figures,"https://prod-america-res.popmart.com/default/20250317_150032_295500____list_pic_____800x800.png?x-oss-process=image/resize,p_40,format,webp,format,webp"
KUBO,KUBO City of Sunset Series Figures,"https://prod-america-res.popmart.com/default/20250801_175321_735612____list_pic_____800x800.png?x-oss-process=image/resize,p_40,format,webp,format,webp"
CHAKA,CHAKA Candle Whisper Series Figures,"https://prod-america-res.popmart.com/default/20250512_111956_722993____list_pic_____800x800.png?x-oss-process=image/resize,p_40,format,webp,format,webp"
MOLLY,Baby Molly & Baby Tabby Series Figures,"https://prod-america-res.popmart.com/default/20250516_103251_711469____list_pic_____800x800.png?x-oss-process=image/resize,p_40,format,webp,format,webp"
CRYBABY,CRYBABY Sad Club Series - Plush Flower Blind Box,"https://prod-america-res.popmart.com/default/20240801_170801_391615____crybaby_____800x800.jpg?x-oss-process=image/resize,p_40,format,webp,format,webp"
DRAGON BALL,DRAGON BALL-Alloy Vehicles Series Figures,"https://prod-america-res.popmart.com/default/20250714_095431_110509____list_pic_____800x800.png?x-oss-process=image/resize,p_40,format,webp,format,webp"
SNOOPY,Snoopy The Best Friends Series Figures,"https://prod-america-res.popmart.com/default/20250630_114411_644088____list_pic_____800x800.png?x-oss-process=image/resize,p_40,format,webp,format,webp"
POP MART,MEGA SPACE MOLLY 400% Hello Kitty and Friends Series,"https://prod-america-res.popmart.com/default/20250107_102557_038992____list_pic_____800x800.png?x-oss-process=image/resize,p_40,format,webp,format,webp"
MEGA,MEGA SPACE MOLLY 100% Series 3,"https://prod-america-res.popmart.com/default/20240801_180938_684053____list_pic1_____800x800.png?x-oss-process=image/resize,p_40,format,webp,format,webp"
MOLLY,MEGA SPACE MOLLY 400% JON BURGERMAN SPACE CADETS Series,"https://prod-america-res.popmart.com/default/20250519_100819_835586____list_pic_____800x800.png?x-oss-process=image/resize,p_40,format,webp,format,webp"
PEACH RIOT,Peach Riot Rush Hour Series Figures,"https://prod-america-res.popmart.com/default/20250214_142128_013098____list_pic_____800x800.png?x-oss-process=image/resize,p_40,format,webp,format,webp"
DUCKOO,DUCKOO FARM Series Figures,"https://prod-america-res.popmart.com/default/20241114_163420_092866____list_pic_____800x800.png?x-oss-process=image/resize,p_40,format,webp,format,webp"
MOLLY,MOLLY Carb-Lover Series Figures,"https://prod-america-res.popmart.com/default/20241011_150608_045571____list_pic_____800x800.png?x-oss-process=image/resize,p_40,format,webp,format,webp"
POP MART,Hand in Hand Series Figures,"https://prod-america-res.popmart.com/default/20250512_104813_435624____list_pic_____800x800.png?x-oss-process=image/resize,p_40,format,webp,format,webp"
ZSIGA,Zsiga We All Are Kids Series Figures,"https://prod-america-res.popmart.com/default/20240918_114755_195491____list_pic_____800x800.png?x-oss-process=image/resize,p_40,format,webp,format,webp"
POP MART,Hello Kitty and Friends Fall Asleep Series Figures,"https://prod-america-res.popmart.com/default/20250107_101150_967976____list_pic_____800x800.png?x-oss-process=image/resize,p_40,format,webp,format,webp"
SKULLPANDA,SKULLPANDA The Paradox Series Figures,"https://prod-america-res.popmart.com/default/20250702_101026_475391____list_pic_____800x800.png?x-oss-process=image/resize,p_40,format,webp,format,webp"
ZSIGA,Zsiga Borderline Drifter Series Figures,"https://prod-america-res.popmart.com/default/20250227_152610_052908____1_zsiga-borderline-drifter-series-figures_blind-boxes_details_popmart-us_____1200x1200.jpg?x-oss-process=image/resize,p_40,format,webp,format,webp"
ZSIGA,Zsiga Borderline Drifter Series Figures,"https://prod-america-res.popmart.com/default/20250227_172748_841638____list_pic_____800x800.png?x-oss-process=image/resize,p_40,format,webp,format,webp"
SKULLPANDA,SKULLPANDA The Mirage Series Figures,"https://prod-america-res.popmart.com/default/20250328_165851_725219____list_pic_____800x800.png?x-oss-process=image/resize,p_40,format,webp,format,webp"
HACIPUPU,HACIPUPU Rolling Time Machine Series Figures,"https://prod-america-res.popmart.com/default/20250523_180405_943138____list_pic_____800x800.png?x-oss-process=image/resize,p_40,format,webp,format,webp"
MINIONS,Minions Bedtime Stories by Bob and Tim Series Figures,"https://prod-america-res.popmart.com/default/20251015_102636_514986____list_pic_____800x800.png?x-oss-process=image/resize,p_40,format,webp,format,webp"
DISNEY,Disney Mickey Childhood of Boundless Imagination Series Figures,"https://prod-america-res.popmart.com/default/20241230_100844_895324____list_pic_____800x800.png?x-oss-process=image/resize,p_40,format,webp,format,webp"
MARVEL,Marvel Spider-Man Across the Spider-Verse Series Figures,"https://prod-america-res.popmart.com/default/20250206_155806_482551____list_pic_____800x800.png?x-oss-process=image/resize,p_40,format,webp,format,webp"
GOLDEN SPATULA CHIBI,Fight For the Golden Spatula Chibi Series Figures,"https://prod-america-res.popmart.com/default/20241125_112914_630749____list_pic_____800x800.png?x-oss-process=image/resize,p_40,format,webp,format,webp"
GENSHIN,Genshin Impact Dress-Up Dreams Themed Chibi Series Figures,"https://prod-america-res.popmart.com/default/20240822_093317_472613____list_pic_____800x800.png?x-oss-process=image/resize,p_40,format,webp,format,webp"
ZOOTOPIA,Zootopia Highlight Moment Series Scene Sets,"https://prod-america-res.popmart.com/default/20241128_180953_410598____list_pic_____800x800.png?x-oss-process=image/resize,p_40,format,webp,format,webp"
BOBO & COCO,BOBO & COCO Vintage Zakka Series,"https://prod-america-res.popmart.com/default/11_cCJZ711N6i_1200x1200.jpg?x-oss-process=image/resize,p_40,format,webp,format,webp"
INOSOUL,inosoul In the Still Room Series Figures,"https://prod-america-res.popmart.com/default/20250606_184107_342385____list_pic_____800x800.png?x-oss-process=image/resize,p_40,format,webp,format,webp"
HACIPUPU,HACIPUPU-Rolling Time Machine Series-Card Holder Blind Box,"https://prod-america-res.popmart.com/default/20250526_163543_416793____list_pic_____800x800.png?x-oss-process=image/resize,p_40,format,webp,format,webp"
LEAGUE OF LEGENDS,League of Legends: Arcane Series Figures,"https://prod-america-res.popmart.com/default/20250423_190543_489867____list_pic_____800x800.png?x-oss-process=image/resize,p_40,format,webp,format,webp"
INSTINCTOY,INSTINCTOY HUG YOU SERIES-Bracelet Blind Box,"https://prod-america-res.popmart.com/default/20250430_140616_252898____list_pic_____800x800.png?x-oss-process=image/resize,p_40,format,webp,format,webp"
THE MONSTERS,THE MONSTERS-CHEERS ! SERIES-Double-walled Glass Blind Box,"https://prod-america-res.popmart.com/default/20241107_184600_074607____list_pic_____800x800.jpg?x-oss-process=image/resize,p_40,format,webp,format,webp"
POP MART,The Wonderful Time With Hello Kitty and Friends,"https://prod-america-res.popmart.com/default/20250107_101919_250071____list_pic_____800x800.png?x-oss-process=image/resize,p_40,format,webp,format,webp"
POP MART,Eggy Party: Colorful Playland Classic Series Figures,"https://prod-america-res.popmart.com/default/20241220_182028_158421____1_eggy-partycolorful-playland-classic-series-figures_blind-boxes_details_popmart-us_____1200x1200.jpg?x-oss-process=image/resize,p_40,format,webp,format,webp"
POP MART,Cardcaptor Sakura: Clear Card Series Figures,"https://prod-america-res.popmart.com/default/20250625_180037_719491____list_pic_____800x800.png?x-oss-process=image/resize,p_40,format,webp,format,webp"
DUCKOO,DUCKOO Music Festival Series,"https://prod-america-res.popmart.com/default/20250627_180556_569770____list_pic_____800x800.png?x-oss-process=image/resize,p_40,format,webp,format,webp"
TOM & JERRY,Tom & Jerry: Forbidden Compass Series Figures,"https://prod-america-res.popmart.com/default/20250714_100033_726918____list_pic_____800x800.png?x-oss-process=image/resize,p_40,format,webp,format,webp"
PEACH RIOT,Lil Peach Riot：Loading! Series Figures,"https://prod-america-res.popmart.com/default/20241028_092050_057022____list_pic_____800x800.png?x-oss-process=image/resize,p_40,format,webp,format,webp"
DISNEY,The Wonderful Dreams of Mickey and His Friends Series Scene Sets,"https://prod-america-res.popmart.com/default/20241125_120002_462127____list_pic_____800x800.png?x-oss-process=image/resize,p_40,format,webp,format,webp"
LEAGUE OF LEGENDS,League of Legends K/DA ALL OUT Series Figures,"https://prod-america-res.popmart.com/default/20241021_115344_669907____list_pic_____800x800.png?x-oss-process=image/resize,p_40,format,webp,format,webp"
MOLLY,MEGA SPACE MOLLY 100% Series 2-B,"https://prod-america-res.popmart.com/default/20241113_172921_218852____list_pic_____800x800.png?x-oss-process=image/resize,p_40,format,webp,format,webp"
KUBO,KUBO Breathing In Series Figures,"https://prod-america-res.popmart.com/default/20240801_175435_095064____kubo_____800x800.jpg?x-oss-process=image/resize,p_40,format,webp,format,webp"
DISNEY,Disney/Pixar Spooky Night Series Figures,"https://prod-america-res.popmart.com/default/20240929_092620_952377____list_pic_____800x800.png?x-oss-process=image/resize,p_40,format,webp,format,webp"
FANTASTIC BEASTS,Fantastic Beasts Series Figures,"https://prod-america-res.popmart.com/default/20240801_181225_674699____list_pic1-1_____800x800.png?x-oss-process=image/resize,p_40,format,webp,format,webp"
SWEET BEAN,Sweet Bean I Want a Hug Series Figures,"https://prod-america-res.popmart.com/default/20250205_114155_224387____list_pic_____800x800.png?x-oss-process=image/resize,p_40,format,webp,format,webp"
DISNEY,Disney Stitch Little Emotions Series Figures,"https://prod-america-res.popmart.com/default/20250425_180122_757967____list_pic_____800x800.png?x-oss-process=image/resize,p_40,format,webp,format,webp"
DISNEY,Disney Classic Fairy Tales Series,"https://prod-america-res.popmart.com/default/20241118_162811_357441____list_pic_____800x800.png?x-oss-process=image/resize,p_40,format,webp,format,webp"
CRYBABY,"CRYBABY CHEER UP, BABY! SERIES-Bracelet Blind Box","https://prod-america-res.popmart.com/default/20250205_163444_395551____list_pic_____800x800.png?x-oss-process=image/resize,p_40,format,webp,format,webp"
SPONGEBOB,SpongeBob Best Friends Series Figures,"https://prod-america-res.popmart.com/default/20250403_162850_745112____list_pic_____800x800.png?x-oss-process=image/resize,p_40,format,webp,format,webp"
KUBO,KUBO Angel's Poem Series Figures,"https://prod-america-res.popmart.com/default/20251128_184318_404131____list_pic_____800x800.png?x-oss-process=image/resize,p_40,format,webp,format,webp"
ZSIGA,Zsiga Let It Be Series Figures,"https://prod-america-res.popmart.com/default/20240513_114733_504320____zsiga-let-it-be-series-figures_blind-boxes_pop-mart-us-_5_____1200x1200.jpg?x-oss-process=image/resize,p_40,format,webp,format,webp"
DIMOO,DIMOO：No One's Gonna Sleep Tonight  Series Figures,"https://prod-america-res.popmart.com/default/02_cWXp3YT0gi_1200x1200.jpg?x-oss-process=image/resize,p_40,format,webp,format,webp"
CARE BEARS,Care Bears Colorful Hugs Series Figures,"https://prod-america-res.popmart.com/default/20250530_115339_205632____list_pic_____800x800.png?x-oss-process=image/resize,p_40,format,webp,format,webp"
AZURA,AZURA Warm Christmas Series Figures,"https://prod-america-res.popmart.com/default/20241113_143116_378792____9_azura-warm-christmas-series-figures_blind-boxes_details_popmart-us_____1200x1200.jpg?x-oss-process=image/resize,p_40,format,webp,format,webp"
SKULLPANDA,SKULLPANDA Tell Me What You Want Series Figures,"https://prod-america-res.popmart.com/default/20241031_180652_773592____8_skullpanda-tell-me-what-you-want-series-figures_blind-boxes_details_popmart-us_____1200x1200.jpg?x-oss-process=image/resize,p_40,format,webp,format,webp"
SKULLPANDA,SKULLPANDA Tell Me What You Want Series Figures,"https://prod-america-res.popmart.com/default/20241104_154143_436296____list_pic_____800x800.png?x-oss-process=image/resize,p_40,format,webp,format,webp"
GREEN COW GARDEN,Green Cow Garden Mini Special Edition,"https://prod-america-res.popmart.com/default/12_L5iQIVQQT6_1200x1200.jpg?x-oss-process=image/resize,p_40,format,webp,format,webp"
DISNEY,Disney Stitch on a Date Series Figures,"https://prod-america-res.popmart.com/default/20241010_094017_559210____disney-stitch-on-a-date-series-figures-blind-boxes-pop-mart-us-1_____1200x1200.jpg?x-oss-process=image/resize,p_40,format,webp,format,webp"
MARVEL,Marvel Deadpool Series Figures,"https://prod-america-res.popmart.com/default/20241111_114331_094436____1_marvel-deadpool-series-figures_blind-boxes_details_popmart-us_____1200x1200.jpg?x-oss-process=image/resize,p_40,format,webp,format,webp"
MARVEL,Marvel Deadpool Series Figures,"https://prod-america-res.popmart.com/default/20241115_154528_912549____list_pic_____800x800.png?x-oss-process=image/resize,p_40,format,webp,format,webp"
HAIKYU,Haikyu!! The Dumpster Battle Series-Vinyl Plush,"https://prod-america-res.popmart.com/default/20250919_143808_934594____1_haik-1_____1200x1200.JPG?x-oss-process=image/resize,p_40,format,webp,format,webp"
TWINKLE TWINKLE,TwinkleTwinkle Bee Your Honey,"https://prod-america-res.popmart.com/default/20250507_094526_144354____1_twinkle-twinkle-bee-your-honey-figure_figurine_details_popmart-us_____1200x1200.jpg?x-oss-process=image/resize,p_40,format,webp,format,webp"
CRYBABY,CRYBABY × The Powerpuff Girls Figure-Limited Edition,"https://prod-america-res.popmart.com/default/20240708_173637_553131____6_____1200x1200.jpg?x-oss-process=image/resize,p_40,format,webp,format,webp"
CRYBABY,CRYBABY PRIDE PARADE FIGURE,"https://prod-america-res.popmart.com/default/20240530_150643_209424____crybaby-pride-parade-figure_designer-figurine_pop-mart-us-_1_____1200x1200.jpg?x-oss-process=image/resize,p_40,format,webp,format,webp"
DIMOO,DIMOO Zodiac Series,"https://prod-america-res.popmart.com/default/6_cueuki53fX_1200x1200.jpg?x-oss-process=image/resize,p_40,format,webp,format,webp"
DIMOO,DIMOO Aquarium Series,"https://prod-america-res.popmart.com/default/1_Xl2hBsatSb_1200x1200.jpg?x-oss-process=image/resize,p_40,format,webp,format,webp"
DIMOO,DIMOO Retro Series Figures,"https://prod-america-res.popmart.com/default/08_fuRRrz91Hf_1200x1200.jpg?x-oss-process=image/resize,p_40,format,webp,format,webp"
CRYBABY,CRYBABY Monster's Tears Series,"https://prod-america-res.popmart.com/default/11_hegolgQlsS_1200x1200.jpg?x-oss-process=image/resize,p_40,format,webp,format,webp"
HIRONO,Hirono × CLOT Series Figures,"https://prod-america-res.popmart.com/default/20241205_102228_234994____1_hirono-clot-series-figures_blind-boxes_details_popmart-us_____1200x1200.jpg?x-oss-process=image/resize,p_40,format,webp,format,webp"
HIRONO,Hirono × CLOT Series Figures,"https://prod-america-res.popmart.com/default/20241206_111934_293154____list_pic_____800x800.png?x-oss-process=image/resize,p_40,format,webp,format,webp"
HIRONO,Hirono × CLOT Series Figures (Gift Box Edition),"https://prod-america-res.popmart.com/default/20241206_143522_721457____0_hirono-clot-series-figures-gift-box-edition-_gift-box_details_popmart-us_____1200x1200.jpg?x-oss-process=image/resize,p_40,format,webp,format,webp"
PUCKY,PUCKY Roly-Poly Kitty Series Figures,"https://prod-america-res.popmart.com/default/20240905_142726_812431____pucky-roly-poly-kitty-series-figures_blind-boxes_details_popmart-us-_1_____1200x1200.jpg?x-oss-process=image/resize,p_40,format,webp,format,webp"
PUCKY,PUCKY Roly-Poly Kitty Series Figures,"https://prod-america-res.popmart.com/default/20241113_183753_153842____list_pic_____800x800.png?x-oss-process=image/resize,p_40,format,webp,format,webp"
POP MART,Hirono × Gary Baseman Figure,"https://prod-america-res.popmart.com/default/20241203_143455_931106____1_hirono-gary-baseman-figure_figurine_details_popmart-us_____1200x1200.jpg?x-oss-process=image/resize,p_40,format,webp,format,webp"
MOLLY,Baby Molly × PINGU Fishing Time Figure,"https://prod-america-res.popmart.com/default/20241128_140105_537632____1_baby-molly-x-pingu-fishing-time-figure_-figurine_details_popmart-us_____1200x1200.jpg?x-oss-process=image/resize,p_40,format,webp,format,webp"
SKULLPANDA,SKULLPANDA Everyday Wonderland Series,"https://prod-america-res.popmart.com/default/8_0xbpMXJOCC_1200x1200.jpg?x-oss-process=image/resize,p_40,format,webp,format,webp"
TELETUBBIES,"Teletubbies ""Say Hello"" Series Figures","https://prod-america-res.popmart.com/default/20250912_141256_643436____list_pic_____800x800.png?x-oss-process=image/resize,p_40,format,webp,format,webp"
CRYBABY,CRYBABY Sad Club Series Scene Sets,"https://prod-america-res.popmart.com/default/20231229_103553_423247__1200x1200.jpg?x-oss-process=image/resize,p_40,format,webp,format,webp"
JUJUTSU,Jujutsu Kaisen Uniform Series Figures,"https://prod-america-res.popmart.com/default/20241114_111730_282366____list_pic_____800x800.png?x-oss-process=image/resize,p_40,format,webp,format,webp"
JUJUTSU,Jujutsu Kaisen Uniform Series Figures,"https://prod-america-res.popmart.com/default/20241106_111856_267407____jujutsu-kaisen-uniform-blind-boxes-pop-mart-us-1_____1200x1200.jpg?x-oss-process=image/resize,p_40,format,webp,format,webp"
CRYBABY,CRYBABY Crying Parade Series,"https://prod-america-res.popmart.com/default/20250604_182238_126005____list_pic_____800x800.png?x-oss-process=image/resize,p_40,format,webp,format,webp"
THE MONSTERS,THE MONSTERS Wacky Mart Series-Tumbler Blind Box,"https://prod-america-res.popmart.com/default/20250609_111933_246700____list_pic_____800x800.png?x-oss-process=image/resize,p_40,format,webp,format,webp"
TAPOO,TAPOO Retro Diner Series,"https://prod-america-res.popmart.com/default/12_6Us7OQNfVz_1200x1200.jpg?x-oss-process=image/resize,p_40,format,webp,format,webp"
DISNEY,Mickey Family Cute Together Keychain Series Figures,"https://prod-america-res.popmart.com/default/20250226_111524_764862____list_pic_____800x800.png?x-oss-process=image/resize,p_40,format,webp,format,webp"
DISNEY,Disney Snow White Classic Series Figures,"https://prod-america-res.popmart.com/default/20240529_140444_453993____disney-snow-white-classic-series-figures-blind-boxes-pop-mart-us-1_____1200x1200.jpg?x-oss-process=image/resize,p_40,format,webp,format,webp"
DISNEY,Disney Winnie the Pooh Gift Giving Series Figures,"https://prod-america-res.popmart.com/default/20241017_170844_508252____disney-winnie-the-pooh-gift-giving-series-figures-blind-boxes-pop-mart-us-1_____1200x1200.jpg?x-oss-process=image/resize,p_40,format,webp,format,webp"
DISNEY,Disney Winnie the Pooh Gift Giving Series Figures,"https://prod-america-res.popmart.com/default/20241101_180301_229458____list_pic_____800x800.png?x-oss-process=image/resize,p_40,format,webp,format,webp"
ROMANTIC RING,Romantic Ring Box Series 3 Scene Sets,"https://prod-america-res.popmart.com/default/20240717_184928_065125____romantic-ring-box-series-3-scene-sets-blind-boxes-pop-mart-us-2_____1200x1200.jpg?x-oss-process=image/resize,p_40,format,webp,format,webp"
ROMANTIC RING,Romantic Ring Box Series 3 Scene Sets,"https://prod-america-res.popmart.com/default/20240801_184344_897335____3_____800x800.jpg?x-oss-process=image/resize,p_40,format,webp,format,webp"
INOSOUL,inosoul's Lucid Dreams Series Figures,"https://prod-america-res.popmart.com/default/20240417_110949_956996__1200x1200.jpg?x-oss-process=image/resize,p_40,format,webp,format,webp"
DUCKYO,Duckyo's Leisure Life Series Figures,"https://prod-america-res.popmart.com/default/20240924_111055_127759____list_pic_____800x800.png?x-oss-process=image/resize,p_40,format,webp,format,webp"
DUCKYO,Duckyo's Leisure Life Series Figures,"https://prod-america-res.popmart.com/default/20240914_190730_095573____duckyo-s-leisure-life-series-figures-blind-boxes-pop-mart-us-3_____1200x1200.jpg?x-oss-process=image/resize,p_40,format,webp,format,webp"
SWEET BEAN,Sweet Bean Fruit World Adventure Series Figures,"https://prod-america-res.popmart.com/default/20240903_101119_826309____list_pic_____800x800.png?x-oss-process=image/resize,p_40,format,webp,format,webp"
SWEET BEAN,Sweet Bean Fruit World Adventure Series Figures,"https://prod-america-res.popmart.com/default/20240829_175921_718336____sweet-bean-fruit-world-adventure-series-figures_blindboxes_popmart-us-_details_1_____1200x1200.jpg?x-oss-process=image/resize,p_40,format,webp,format,webp"
HACIPUPU,HACIPUPU A Night of Fantasy Series Figures,"https://prod-america-res.popmart.com/default/20241024_092900_924434____list_pic_____800x800.png?x-oss-process=image/resize,p_40,format,webp,format,webp"
HACIPUPU,HACIPUPU A Night of Fantasy Series Figures,"https://prod-america-res.popmart.com/default/20241022_113800_627969____hacipupu-a-night-of-fantasy-series-figures-blind-boxes-pop-mart-us-1_____1200x1200.jpg?x-oss-process=image/resize,p_40,format,webp,format,webp"
KUBO,KUBO Select Your Character Series Figures,"https://prod-america-res.popmart.com/default/20240108_171811_866500__1200x1200.jpg?x-oss-process=image/resize,p_40,format,webp,format,webp"
DISNEY,Toy Story: Andy's Room Series Scene Sets,"https://prod-america-res.popmart.com/default/20240624_171107_030932____toy-story-andy-s-room-series-scene-sets-blind-boxes-pop-mart-us-8_____1200x1200.jpg?x-oss-process=image/resize,p_40,format,webp,format,webp"
YUKI,YUKI Levolutionism Series,"https://prod-america-res.popmart.com/default/3_NPdgp4uuti_1200x1200.jpg?x-oss-process=image/resize,p_40,format,webp,format,webp"
DISNEY,Disney Donald Duck 90th Anniversary Series Figures,"https://prod-america-res.popmart.com/default/20250321_162545_042058____1_disney-donald-duck-90th-anniversary-series-figures_blind-boxes_details_popmart-us_____1200x1200.jpg?x-oss-process=image/resize,p_40,format,webp,format,webp"
DISNEY,Disney Princess Exclusive Ride Series,"https://prod-america-res.popmart.com/default/20240326_173417_207273__1200x1200.jpg?x-oss-process=image/resize,p_40,format,webp,format,webp"
KUBO,KUBO Walks of Life Series Figures,"https://prod-america-res.popmart.com/default/05_84qjBNrY9k_1200x1200.jpg?x-oss-process=image/resize,p_40,format,webp,format,webp"
JACKSON WANG,JACKSON WANG MAGIC MAN SERIES FIGURES,"https://prod-america-res.popmart.com/default/20240417_115005_772494__1200x1200.jpg?x-oss-process=image/resize,p_40,format,webp,format,webp"
DISNEY,Disney Swing Series Figures,"https://prod-america-res.popmart.com/default/20240528_141038_906447____disney-swing-series-blind-boxes-pop-mart-us-2_____1200x1200.jpg?x-oss-process=image/resize,p_40,format,webp,format,webp"
MOLLY,MOLLY Daily Look Series-Sachet Blind Box,"https://prod-america-res.popmart.com/default/20250109_162535_048796____list_pic_____800x800.png?x-oss-process=image/resize,p_40,format,webp,format,webp"
MOLLY,MOLLY Daily Look Series-Sachet Blind Box,"https://prod-america-res.popmart.com/default/20250106_101534_925090____1_molly-daily-look-series-sachet-blind-box_accessories_details_popmart-us_____1200x1200.jpg?x-oss-process=image/resize,p_40,format,webp,format,webp"
MINIONS,Minions Lazy Every Day Series Figures,"https://prod-america-res.popmart.com/default/20241128_173716_517646____list_pic_____800x800.jpg?x-oss-process=image/resize,p_40,format,webp,format,webp"
MINIONS,Minions Lazy Every Day Series Figures,"https://prod-america-res.popmart.com/default/20241128_102929_831506____1_minions-lazy-every-day-series-figures_blind-boxes_details_popmart-us_____1200x1200.jpg?x-oss-process=image/resize,p_40,format,webp,format,webp"
KUBO,KUBO 24/7 YOU Series Figures,"https://prod-america-res.popmart.com/default/20241125_115053_543049____list_pic_____800x800.png?x-oss-process=image/resize,p_40,format,webp,format,webp"
KUBO,KUBO 24/7 YOU Series Figures,"https://prod-america-res.popmart.com/default/20241120_102859_020132____kubo-24_7-you-series-figures-blind-boxes-pop-mart-us-2_____1200x1200.jpg?x-oss-process=image/resize,p_40,format,webp,format,webp"
BEETLEJUICE,Beetlejuice Series Figures,"https://prod-america-res.popmart.com/default/20240829_173045_640543____beetlejuice-series-figures_blind-boxes_popmart-us-_details_2_____1200x1200.jpg?x-oss-process=image/resize,p_40,format,webp,format,webp"
CRYBABY,CRYBABY Crying Again Series-Card Holder Blind Box,"https://prod-america-res.popmart.com/default/20241106_182600_494684____list_pic_____800x800.png?x-oss-process=image/resize,p_40,format,webp,format,webp"
PUCKY,PUCKY The Feast Series Figures,"https://prod-america-res.popmart.com/default/20240905_110600_808090____list_pic_____800x800.png?x-oss-process=image/resize,p_40,format,webp,format,webp"
STAR WARS,Star Wars Mandalorian Series Figures,"https://prod-america-res.popmart.com/default/20240924_111705_065310____list_pic_____800x800.png?x-oss-process=image/resize,p_40,format,webp,format,webp"
STAR WARS,Star Wars Mandalorian Series Figures,"https://prod-america-res.popmart.com/default/20240920_103048_201672____star-wars-mandalorian-series-figures-blind-boxes-pop-mart-us-6_____1200x1200.jpg?x-oss-process=image/resize,p_40,format,webp,format,webp"
THE MONSTERS,THE MONSTERS Let's Have Fun Together Series-Night Light Blind Box,"https://prod-america-res.popmart.com/default/20240816_170508_005039____list_pic_____1600x1600.png?x-oss-process=image/resize,p_40,format,webp,format,webp"
DIMOO,DIMOO My Cloud Companion Series-Cotton Doll Blind Box,"https://prod-america-res.popmart.com/default/20240828_111204_612315____list_pic_____800x800.png?x-oss-process=image/resize,p_40,format,webp,format,webp"
DC BATMAN,DC Batman 85th Anniversary Series Figures,"https://prod-america-res.popmart.com/default/20240815_183551_595226____dc-batman-85th-anniversary-series-figures_blindboxes_popmart-us-_details_1_____1200x1200.jpg?x-oss-process=image/resize,p_40,format,webp,format,webp"
MOLLY,MEGA SPACE MOLLY 100% CHINA WOMEN'S NATIONAL BASKETBALL TEAM,"https://prod-america-res.popmart.com/default/20240725_145450_183361____mega-space-molly-100-china-women-s-national-basketball-team-figurine-pop-mart-us-1-1_____1200x1200.jpg?x-oss-process=image/resize,p_40,format,webp,format,webp"
MOLLY,MOLLY × The Powerpuff Girls Series Action Figure,"https://prod-america-res.popmart.com/default/20240627_143900_289372____molly-the-powerpuff-girls-series-action-figure_bjd_details_01_____1200x1200.jpg?x-oss-process=image/resize,p_40,format,webp,format,webp"
INSTINCTOY,INSTINCTOY Fantasy World Series-Plush Blind Box,"https://prod-america-res.popmart.com/default/20240718_165831_866744____instinctoy-fantasy-world-series-plush-blind-box-blind-boxes-pop-mart-us-1_____1200x1200.jpg?x-oss-process=image/resize,p_40,format,webp,format,webp"
DISNEY,Disney Steamboat Willie Series Figures,"https://prod-america-res.popmart.com/default/20240717_184752_254794____disney-steamboat-willie-series-figures-blind-boxes-pop-mart-us-1_____1200x1200.jpg?x-oss-process=image/resize,p_40,format,webp,format,webp"
AZURA,AZURA A Dream About Stars Series Figures,"https://prod-america-res.popmart.com/default/20240717_183756_334561____azura-a-dream-about-stars-series-figures-blind-boxes-pop-mart-us-1_____1200x1200.jpg?x-oss-process=image/resize,p_40,format,webp,format,webp"
GAME OF THRONES,Game of Thrones Series Figures,"https://prod-america-res.popmart.com/default/20240604_154014_323445____game-of-thrones-series-figures_blind-boxes_details_pop-mart-us-_1_____1200x1200.jpg?x-oss-process=image/resize,p_40,format,webp,format,webp"
HACIPUPU,HACIPUPU Adventures In The Woods Series Figures,"https://prod-america-res.popmart.com/default/20240528_155331_180336____hacipupu-adventures-in-the-woods-series-blind-boxes-pop-mart-us-5_____1200x1200.jpg?x-oss-process=image/resize,p_40,format,webp,format,webp"
MOLLY,Baby Molly When I was Three! Series-Acrylic Clip Blind Box,"https://prod-america-res.popmart.com/default/20240423_150217_429736__1200x1200.jpg?x-oss-process=image/resize,p_40,format,webp,format,webp"
KUBO,KUBO JEANS SERIES-Badge Blind Box,"https://prod-america-res.popmart.com/default/20240417_135434_046859__1200x1200.jpg?x-oss-process=image/resize,p_40,format,webp,format,webp"
INSTINCTOY,INSTINCTOY Monster Fluffy Joyful Life Series,"https://prod-america-res.popmart.com/default/20240407_180433_466203__1200x1200.jpg?x-oss-process=image/resize,p_40,format,webp,format,webp"
MARVEL,Marvel Infinity Saga Series Figures,"https://prod-america-res.popmart.com/default/20240322_160040_913261__1200x1200.jpg?x-oss-process=image/resize,p_40,format,webp,format,webp"
DISNEY,Disney Princess - Fairy Tale Friendship Series,"https://prod-america-res.popmart.com/default/20240315_155236_026708__1200x1200.jpg?x-oss-process=image/resize,p_40,format,webp,format,webp"
THE MONSTERS,THE MONSTERS FALL IN WILD SERIES-Badge Blind Box,"https://prod-america-res.popmart.com/default/20240409_101939_601526__1200x1200.jpg?x-oss-process=image/resize,p_40,format,webp,format,webp"
SWEET BEAN,Sweet Bean Afternoon Tea Series Figures,"https://prod-america-res.popmart.com/default/20240402_142723_722239__1200x1200.jpg?x-oss-process=image/resize,p_40,format,webp,format,webp"
DIMOO,DIMOO Animal Kingdom Series-Hair Tie Blind Box,"https://prod-america-res.popmart.com/default/20240315_141408_893600__1200x1200.jpg?x-oss-process=image/resize,p_40,format,webp,format,webp"
DIMOO,DIMOO Animal Kingdom Series-Sachet Blind Box,"https://prod-america-res.popmart.com/default/20240315_151226_156373__1200x1200.jpg?x-oss-process=image/resize,p_40,format,webp,format,webp"
DIMOO,DIMOO Animal Kingdom Series-Badge Blind Box,"https://prod-america-res.popmart.com/default/20240315_150000_251622__1200x1200.jpg?x-oss-process=image/resize,p_40,format,webp,format,webp"
SKULLPANDA,SKULLPANDA Image Of Reality Series-Badge Blind Box,"https://prod-america-res.popmart.com/default/20240208_203136_711283__1200x1200.jpg?x-oss-process=image/resize,p_40,format,webp,format,webp"
NYOTA,Nyota's Fluffy Life Series Figures,"https://prod-america-res.popmart.com/default/20240215_011459_126624__1200x1200.jpg?x-oss-process=image/resize,p_40,format,webp,format,webp"
THE MONSTERS,THE MONSTERS Mischief Diary Series Figures,"https://prod-america-res.popmart.com/default/20240125_140728_839680__1200x1200.jpg?x-oss-process=image/resize,p_40,format,webp,format,webp"
DC,DC Justice League Childhood Series Figures,"https://prod-america-res.popmart.com/default/20240122_094339_624894__1200x1200.jpg?x-oss-process=image/resize,p_40,format,webp,format,webp"
MOLLY,MOLLY My Instant Superpower Series-Decorative Charm Blind Box,"https://prod-america-res.popmart.com/default/20240115_173004_853334__1200x1200.jpg?x-oss-process=image/resize,p_40,format,webp,format,webp"
POP MART,OIPIPPI's Joyfulness Series Figures,"https://prod-america-res.popmart.com/default/20240115_172613_055619__1200x1200.jpg?x-oss-process=image/resize,p_40,format,webp,format,webp"
KAIJU,KAIJU Sitting in a Row Series Figures,"https://prod-america-res.popmart.com/default/20240111_164800_657817__1200x1200.jpg?x-oss-process=image/resize,p_40,format,webp,format,webp"
BUNNY,BUNNY Spring Breeze Series,"https://prod-america-res.popmart.com/default/20240110_180418_290663__1200x1200.jpg?x-oss-process=image/resize,p_40,format,webp,format,webp"
CRYBABY,CRYBABY Sad Club Series-Fidget Spinner Blind Box,"https://prod-america-res.popmart.com/default/20240102_115045_325784__1200x1200.jpg?x-oss-process=image/resize,p_40,format,webp,format,webp"
MINIONS,Minions Travelogues of China Series Figures,"https://prod-america-res.popmart.com/default/20231225_174243_201631__1200x1200.jpg?x-oss-process=image/resize,p_40,format,webp,format,webp"
PUCKY,PUCKY Home Time Series Figures,"https://prod-america-res.popmart.com/default/20231218_161622_500653__1200x1200.jpg?x-oss-process=image/resize,p_40,format,webp,format,webp"
FUBOBO,FUBOBO Treasure of Time Series Figures,"https://prod-america-res.popmart.com/default/20231212_091825_881514__1200x1200.jpg?x-oss-process=image/resize,p_40,format,webp,format,webp"
POP MART,Loong Presents the Treasure Series Figures,"https://prod-america-res.popmart.com/default/20240219_182538_719447__1200x1200.jpg?x-oss-process=image/resize,p_40,format,webp,format,webp"
AZURA,AZURA Fantasy Nature Series Figures,"https://prod-america-res.popmart.com/default/20231115_092439_067295__1200x1200.jpg?x-oss-process=image/resize,p_40,format,webp,format,webp"
NORI,NORI Youth Lookbook Series Figures,"https://prod-america-res.popmart.com/default/20231017_190716_220312__1200x1200.jpg?x-oss-process=image/resize,p_40,format,webp,format,webp"
MOLLY,MEGA SPACE MOLLY 400% Planet Series Figures,"https://prod-america-res.popmart.com/default/20231030_161032_056589__1200x1200.jpg?x-oss-process=image/resize,p_40,format,webp,format,webp"
TRANSFORMERS,TRANSFORMERS Generations Series Figures,"https://prod-america-res.popmart.com/default/02_XF5JXNloLk_1200x1200.jpg?x-oss-process=image/resize,p_40,format,webp,format,webp"
SKULLPANDA,Water Party Series Figures,"https://prod-america-res.popmart.com/default/01_7alWJSJTIo_1200x1200.jpg?x-oss-process=image/resize,p_40,format,webp,format,webp"
SKULLPANDA,Wishes at Your Fingertips Series Scene Set,"https://prod-america-res.popmart.com/default/01_qegGErpg8Z_1200x1200.jpg?x-oss-process=image/resize,p_40,format,webp,format,webp"
HANDS IN FACTORY,HANDS IN FACTORY HORN'S YARD: It Was a Good Day Series,"https://prod-america-res.popmart.com/default/01_wxMpPrbo7j_1200x1200.jpg?x-oss-process=image/resize,p_40,format,webp,format,webp"
HARRY POTTER,Harry Potter and the Prisoner of Azkaban Series Figures,"https://prod-america-res.popmart.com/default/secret_k61w2lArE6_1200x1200.jpg?x-oss-process=image/resize,p_40,format,webp,format,webp"
CHIBI MARUKO-CHAN,Chibi Maruko-Chan's Interesting Life Series,"https://prod-america-res.popmart.com/default/01_aapBX8HW0p_1200x1200.jpg?x-oss-process=image/resize,p_40,format,webp,format,webp"
CASPER,Casper × Trevor Andrew Series,"https://prod-america-res.popmart.com/default/06_koL4F3Bxac_1200x1200.jpg?x-oss-process=image/resize,p_40,format,webp,format,webp"
HACIPUPU,HACIPUPU My Little Hero Series Figures,"https://prod-america-res.popmart.com/default/09_OOciENeUcr_1200x1200.jpg?x-oss-process=image/resize,p_40,format,webp,format,webp"
MINIONS,Minions At Work Series Figures,"https://prod-america-res.popmart.com/default/08_nlpcbMCa6C_1200x1200.jpg?x-oss-process=image/resize,p_40,format,webp,format,webp"
PINO JELLY,PINO JELLY Taste ＆ Personality Quiz Series Figures,"https://prod-america-res.popmart.com/default/01_T5wWIEyv6u_1200x1200.jpg?x-oss-process=image/resize,p_40,format,webp,format,webp"
SPONGEBOB,SpongeBob Sightseeing Car Series Vehicles,"https://prod-america-res.popmart.com/default/2_HX1Sghw3I8_1200x1200.jpg?x-oss-process=image/resize,p_40,format,webp,format,webp"
DC,DC Gotham City Series,"https://prod-america-res.popmart.com/default/2_0ZdisqOV49_1200x1200.jpg?x-oss-process=image/resize,p_40,format,webp,format,webp"
ZSIGA,Zsiga We're So Cute Series Figures,"https://prod-america-res.popmart.com/default/06_8ZZd3pYwoF_1200x1200.jpg?x-oss-process=image/resize,p_40,format,webp,format,webp"
FLABJACKS,FLABJACKS Banana Boo Fantastic Galactic Series,"https://prod-america-res.popmart.com/default/05_IBM2gerXdo_1200x1200.jpg?x-oss-process=image/resize,p_40,format,webp,format,webp"
AZURA,AZURA Spring Fantasy Series,"https://prod-america-res.popmart.com/default/09_lJb3h71kfW_1200x1200.jpg?x-oss-process=image/resize,p_40,format,webp,format,webp"
LAST CHANCE TO BUY,Flying DongDong I Love Ice Cream Series,"https://prod-america-res.popmart.com/default/20240320_105531_573337__1200x1200.jpg?x-oss-process=image/resize,p_40,format,webp,format,webp"
YOKI,YOKI Travel Round The World Series,"https://prod-america-res.popmart.com/default/03_2tB3zJI1mJ_1200x1200.jpg?x-oss-process=image/resize,p_40,format,webp,format,webp"
NORI,Hello NORI Series,"https://prod-america-res.popmart.com/default/1_rIzCDe3m4F_1200x1200.jpg?x-oss-process=image/resize,p_40,format,webp,format,webp"
BOBO & COCO,BOBO & COCO A Little Store Series,"https://prod-america-res.popmart.com/default/09_azhruvw5qg_1200x1200.jpg?x-oss-process=image/resize,p_40,format,webp,format,webp"
SKULLPANDA,SKULLPANDA Laid Back Tomorrow Series,"https://prod-america-res.popmart.com/default/7_04SY9Iy1E2_1200x1200.jpg?x-oss-process=image/resize,p_40,format,webp,format,webp"
MINICO,MINICO My Toy Party Series,"https://prod-america-res.popmart.com/default/06_JxWWUaXtU1_1200x1200.jpg?x-oss-process=image/resize,p_40,format,webp,format,webp"
SWEET BEAN,Sweet Bean Supermarket Series 2,"https://prod-america-res.popmart.com/default/03_soBlTEA49f_1200x1200.jpg?x-oss-process=image/resize,p_40,format,webp,format,webp"
MOLLY,MOLLY Cooking Series,"https://prod-america-res.popmart.com/default/7_gVFacSy7yO_1200x1200.jpg?x-oss-process=image/resize,p_40,format,webp,format,webp"
SPONGEBOB,SpongeBob Picnic Party Series Prop,"https://prod-america-res.popmart.com/default/9_gDtKLs1ivG_1200x1200.jpg?x-oss-process=image/resize,p_40,format,webp,format,webp"
AZURA,AZURA Wardrobe Series,"https://prod-america-res.popmart.com/default/7_8ddy9J4Akf_1200x1200.jpg?x-oss-process=image/resize,p_40,format,webp,format,webp"
SKULLPANDA,SKULLPANDA The Mare of Animals Series,"https://prod-america-res.popmart.com/default/3_XQ39gwHWlI_1200x1200.jpg?x-oss-process=image/resize,p_40,format,webp,format,webp"
